{ "backgroundcolor":"#222222",
 "compressionlevel":-1,
 "height":100,
 "infinite":true,
 "layers":[
        {
         "chunks":[
                {
                 "data":[0, 0, 0, 0, 0, 0, 0, 0, 0, 0, 0, 0, 0, 0, 0, 0, 0, 0, 0, 0, 0, 0, 0, 0, 0, 0, 0, 0, 0, 0, 0, 0, 0, 0, 0, 0, 0, 0, 0, 0, 0, 0, 0, 0, 0, 0, 0, 0, 0, 0, 0, 0, 0, 0, 0, 0, 0, 0, 0, 0, 0, 0, 0, 0, 0, 0, 0, 0, 0, 0, 0, 0, 0, 0, 0, 0, 0, 0, 0, 0, 0, 0, 0, 0, 0, 0, 0, 0, 0, 0, 0, 0, 0, 0, 0, 0, 0, 0, 0, 0, 0, 0, 0, 0, 0, 0, 0, 0, 0, 0, 0, 0, 0, 0, 0, 0, 0, 0, 0, 0, 0, 0, 0, 0, 0, 0, 0, 0, 0, 0, 0, 0, 0, 0, 0, 0, 0, 0, 0, 0, 0, 0, 0, 0, 0, 0, 0, 0, 0, 0, 0, 0, 0, 0, 0, 0, 0, 44, 46, 0, 0, 0, 0, 0, 0, 0, 0, 0, 0, 0, 0, 44, 45, 35, 48, 45, 0, 0, 0, 0, 0, 0, 0, 0, 0, 44, 45, 35, 72, 72, 72, 72, 0, 0, 0, 0, 0, 0, 0, 0, 45, 35, 85, 72, 72, 72, 72, 72, 0, 0, 0, 0, 0, 0, 0, 0, 72, 72, 72, 72, 72, 72, 72, 72, 0, 0, 0, 0, 0, 0, 0, 0, 72, 72, 72, 72, 60, 72, 85, 72, 0, 0, 0, 0, 0, 0, 0, 0, 0, 72, 60, 72, 72, 72, 72, 72],
                 "height":16,
                 "width":16,
                 "x":-16,
                 "y":0
                }, 
                {
                 "data":[0, 0, 0, 0, 0, 0, 0, 0, 0, 0, 0, 0, 0, 0, 0, 0, 0, 0, 0, 0, 0, 0, 0, 0, 0, 0, 0, 0, 0, 0, 0, 0, 0, 0, 0, 0, 0, 0, 0, 0, 0, 0, 0, 0, 0, 0, 0, 0, 0, 0, 0, 0, 0, 0, 0, 0, 0, 0, 0, 0, 0, 0, 0, 0, 0, 0, 0, 0, 0, 0, 0, 0, 0, 0, 0, 0, 0, 0, 0, 0, 0, 0, 0, 0, 0, 0, 0, 0, 0, 0, 0, 44, 46, 0, 0, 0, 0, 0, 0, 0, 0, 0, 0, 0, 0, 0, 0, 70, 48, 46, 0, 0, 0, 0, 0, 0, 0, 0, 0, 0, 0, 0, 44, 35, 72, 87, 0, 0, 0, 0, 0, 0, 0, 0, 0, 0, 0, 44, 35, 72, 85, 48, 46, 0, 0, 0, 0, 0, 0, 0, 0, 44, 45, 35, 73, 72, 72, 72, 48, 45, 45, 46, 0, 0, 0, 0, 0, 70, 60, 86, 72, 73, 85, 60, 72, 72, 72, 48, 46, 0, 0, 44, 45, 35, 85, 72, 85, 72, 72, 73, 72, 72, 86, 72, 74, 0, 44, 35, 72, 72, 72, 0, 0, 0, 0, 0, 0, 0, 60, 72, 48, 45, 35, 72, 72, 72, 72, 0, 0, 0, 0, 0, 0, 0, 72, 73, 72, 72, 86, 0, 0, 0, 0, 0, 0, 0, 0, 0, 0, 0, 72, 0, 0, 0, 0, 0, 0, 0, 0, 0, 0, 0, 0, 0, 0, 0],
                 "height":16,
                 "width":16,
                 "x":0,
                 "y":0
                }, 
                {
                 "data":[0, 0, 0, 0, 0, 0, 0, 0, 0, 0, 0, 0, 0, 0, 0, 0, 0, 0, 0, 0, 0, 0, 0, 0, 0, 0, 0, 0, 0, 0, 0, 0, 0, 0, 0, 0, 0, 0, 0, 0, 0, 0, 0, 0, 0, 0, 0, 0, 0, 0, 0, 0, 0, 0, 0, 0, 0, 0, 0, 0, 0, 0, 0, 0, 0, 0, 0, 0, 0, 0, 0, 0, 0, 72, 0, 0, 0, 0, 0, 0, 0, 0, 0, 0, 0, 0, 0, 0, 72, 74, 0, 0, 0, 0, 0, 0, 0, 0, 0, 0, 0, 70, 85, 0, 85, 48, 46, 0, 0, 0, 0, 70, 0, 0, 0, 0, 0, 70, 72, 72, 99, 72, 48, 46, 0, 0, 0, 70, 0, 0, 0, 0, 44, 35, 72, 73, 72, 72, 73, 48, 46, 0, 44, 35, 46, 0, 0, 45, 35, 99, 72, 99, 85, 72, 86, 86, 0, 0, 0, 73, 48, 35, 72, 99, 72, 72, 73, 72, 72, 72, 72, 72, 0, 0, 0, 99, 72, 72, 73, 72, 99, 72, 72, 86, 72, 72, 72, 72, 0, 0, 0, 72, 0, 0, 0, 72, 99, 72, 73, 72, 85, 72, 72, 0, 0, 0, 0, 0, 0, 0, 0, 72, 99, 72, 72, 0, 0, 72, 85, 0, 0, 0, 0, 0, 0, 0, 0, 99, 86, 72, 99, 0, 0, 85, 99, 0, 0, 0, 0, 0, 0, 0, 0, 85, 0, 0, 0, 0, 0, 0, 0, 0, 0, 0, 0, 0],
                 "height":16,
                 "width":16,
                 "x":16,
                 "y":0
                }, 
                {
                 "data":[0, 0, 0, 0, 0, 0, 0, 0, 0, 0, 0, 0, 0, 0, 0, 0, 0, 0, 0, 0, 0, 0, 0, 0, 0, 0, 0, 0, 70, 87, 0, 0, 0, 0, 0, 0, 0, 0, 0, 0, 70, 87, 0, 0, 70, 87, 0, 0, 0, 0, 0, 0, 0, 0, 0, 74, 83, 74, 0, 0, 70, 0, 0, 0, 0, 0, 0, 0, 0, 0, 0, 87, 0, 87, 0, 0, 0, 0, 0, 53, 0, 0, 0, 0, 0, 0, 0, 87, 0, 48, 45, 0, 0, 0, 48, 45, 74, 0, 0, 0, 0, 0, 0, 74, 0, 72, 72, 0, 0, 0, 72, 72, 74, 0, 0, 0, 86, 60, 86, 48, 0, 60, 72, 0, 0, 0, 72, 72, 74, 0, 0, 0, 99, 73, 99, 73, 86, 72, 72, 0, 0, 0, 72, 0, 87, 0, 44, 35, 72, 72, 60, 72, 72, 86, 72, 0, 0, 0, 0, 0, 48, 45, 35, 72, 72, 72, 86, 72, 72, 72, 72, 0, 0, 0, 0, 0, 72, 99, 72, 72, 60, 72, 73, 60, 86, 86, 72, 0, 0, 0, 0, 0, 72, 72, 72, 99, 99, 60, 0, 0, 0, 0, 0, 0, 0, 0, 0, 0, 85, 72, 72, 72, 72, 60, 0, 0, 0, 0, 0, 0, 0, 0, 0, 0, 86, 73, 72, 99, 72, 0, 0, 0, 0, 0, 0, 0, 0, 0, 0, 0, 0, 0, 0, 0, 0, 0, 0, 0, 0, 0, 0, 0, 0, 72, 72, 72],
                 "height":16,
                 "width":16,
                 "x":32,
                 "y":0
                }, 
                {
                 "data":[0, 0, 0, 0, 0, 0, 0, 0, 0, 0, 0, 0, 0, 0, 0, 0, 0, 0, 0, 0, 0, 0, 0, 0, 0, 0, 0, 0, 0, 0, 0, 0, 0, 0, 0, 0, 0, 0, 72, 0, 0, 0, 0, 0, 0, 0, 0, 0, 0, 0, 0, 70, 60, 72, 0, 0, 0, 0, 0, 0, 0, 0, 0, 0, 0, 44, 45, 35, 86, 72, 0, 0, 0, 0, 0, 0, 0, 0, 0, 0, 46, 83, 72, 72, 86, 72, 0, 0, 0, 0, 0, 0, 0, 0, 0, 0, 74, 83, 72, 86, 0, 99, 0, 0, 0, 0, 0, 0, 0, 0, 0, 0, 48, 35, 72, 0, 0, 72, 0, 0, 0, 0, 0, 0, 0, 0, 0, 0, 0, 72, 72, 0, 0, 72, 72, 0, 0, 0, 0, 0, 0, 0, 0, 0, 0, 0, 0, 0, 0, 72, 73, 0, 0, 0, 0, 0, 0, 0, 0, 0, 0, 0, 0, 0, 0, 86, 86, 0, 0, 0, 0, 0, 0, 0, 0, 0, 0, 0, 0, 0, 0, 72, 99, 0, 0, 0, 0, 0, 0, 0, 0, 0, 0, 0, 0, 0, 0, 72, 73, 0, 0, 0, 0, 0, 0, 0, 0, 0, 0, 0, 0, 0, 0, 99, 99, 0, 0, 0, 0, 0, 0, 0, 0, 0, 0, 0, 0, 0, 72, 72, 73, 0, 0, 0, 0, 0, 0, 0, 0, 0, 72, 72, 72, 0, 72, 72, 60, 0, 0, 0, 0, 0, 0, 0, 0, 0],
                 "height":16,
                 "width":16,
                 "x":48,
                 "y":0
                }, 
                {
                 "data":[0, 0, 0, 0, 0, 0, 0, 0, 0, 0, 0, 0, 0, 0, 0, 0, 0, 0, 0, 0, 0, 0, 0, 0, 0, 0, 0, 0, 0, 0, 0, 0, 0, 0, 0, 0, 0, 0, 0, 0, 0, 0, 0, 0, 0, 0, 0, 0, 0, 0, 0, 0, 0, 0, 0, 0, 0, 0, 0, 0, 0, 0, 0, 0, 0, 0, 0, 0, 0, 0, 0, 0, 0, 0, 0, 0, 0, 0, 0, 0, 0, 0, 0, 0, 0, 0, 0, 0, 0, 0, 0, 0, 0, 0, 0, 0, 0, 0, 0, 0, 0, 0, 0, 0, 0, 0, 0, 0, 0, 0, 0, 0, 0, 0, 0, 0, 0, 0, 0, 0, 0, 0, 0, 0, 0, 0, 0, 0, 0, 0, 0, 0, 0, 0, 0, 0, 0, 0, 0, 0, 0, 0, 0, 0, 0, 0, 0, 0, 0, 0, 0, 0, 0, 0, 0, 0, 0, 0, 0, 0, 0, 0, 0, 0, 0, 0, 0, 0, 0, 0, 0, 0, 0, 0, 0, 0, 0, 0, 0, 0, 0, 0, 0, 0, 0, 0, 0, 0, 0, 0, 0, 0, 0, 0, 0, 0, 0, 0, 0, 0, 0, 0, 0, 0, 0, 0, 0, 0, 0, 0, 0, 0, 0, 0, 0, 0, 0, 0, 0, 0, 0, 0, 0, 44, 0, 0, 0, 0, 0, 0, 0, 0, 0, 0, 0, 0, 0, 0, 0, 0, 0, 0, 0, 0, 0, 0, 0, 0, 0, 0, 0, 0, 0, 0, 0, 0],
                 "height":16,
                 "width":16,
                 "x":-96,
                 "y":16
                }, 
                {
                 "data":[0, 0, 0, 0, 0, 0, 0, 0, 0, 0, 0, 0, 0, 0, 0, 0, 0, 0, 0, 0, 0, 0, 0, 0, 0, 0, 0, 0, 0, 0, 0, 0, 0, 0, 0, 0, 0, 0, 0, 0, 0, 0, 0, 0, 0, 0, 0, 0, 0, 0, 0, 0, 0, 0, 0, 0, 0, 0, 0, 0, 0, 0, 0, 0, 0, 0, 0, 0, 0, 0, 0, 0, 0, 0, 0, 0, 0, 0, 0, 0, 0, 0, 0, 0, 0, 0, 0, 0, 0, 0, 0, 0, 0, 0, 0, 0, 0, 0, 0, 0, 0, 0, 0, 0, 0, 0, 0, 0, 0, 0, 0, 0, 0, 0, 0, 0, 0, 0, 0, 0, 0, 0, 0, 0, 0, 0, 0, 86, 0, 0, 0, 0, 0, 0, 0, 83, 72, 0, 0, 0, 0, 0, 72, 73, 0, 0, 0, 44, 46, 0, 44, 35, 72, 72, 0, 0, 72, 72, 86, 72, 0, 44, 45, 35, 48, 45, 35, 85, 72, 72, 0, 0, 85, 72, 60, 72, 0, 70, 72, 72, 86, 73, 86, 72, 72, 72, 0, 0, 72, 72, 86, 72, 44, 35, 72, 72, 73, 72, 72, 72, 72, 72, 72, 0, 72, 72, 72, 0, 35, 72, 72, 72, 72, 72, 72, 72, 72, 72, 86, 0, 60, 72, 72, 0, 0, 0, 0, 0, 0, 72, 72, 73, 86, 72, 72, 0, 72, 60, 72, 0, 0, 0, 0, 0, 72, 72, 72, 72, 72, 73, 72, 72, 72, 72, 72, 72],
                 "height":16,
                 "width":16,
                 "x":-80,
                 "y":16
                }, 
                {
                 "data":[0, 0, 0, 0, 0, 0, 0, 0, 0, 0, 0, 0, 0, 0, 0, 0, 0, 0, 0, 0, 0, 0, 0, 0, 0, 0, 0, 0, 0, 0, 0, 0, 0, 0, 0, 0, 0, 0, 0, 0, 0, 0, 0, 0, 0, 0, 0, 0, 0, 0, 0, 0, 0, 0, 0, 0, 0, 0, 0, 0, 0, 0, 0, 0, 0, 0, 0, 0, 0, 0, 0, 0, 72, 99, 60, 72, 86, 72, 86, 72, 0, 0, 0, 0, 0, 0, 0, 0, 85, 85, 72, 72, 72, 72, 72, 72, 0, 0, 0, 0, 0, 0, 0, 0, 85, 99, 72, 72, 72, 72, 72, 72, 0, 0, 0, 0, 0, 0, 0, 0, 73, 72, 72, 60, 72, 72, 72, 73, 72, 0, 0, 0, 0, 0, 0, 86, 72, 72, 86, 72, 72, 72, 72, 72, 72, 60, 72, 72, 0, 0, 73, 72, 85, 85, 72, 72, 72, 60, 72, 72, 86, 72, 86, 72, 0, 0, 72, 86, 86, 72, 72, 60, 60, 72, 72, 60, 72, 72, 72, 72, 0, 0, 72, 72, 72, 72, 86, 72, 72, 72, 72, 86, 72, 72, 60, 85, 0, 0, 86, 72, 72, 72, 72, 72, 72, 72, 72, 72, 0, 72, 72, 72, 0, 0, 73, 72, 72, 72, 72, 60, 72, 72, 72, 72, 0, 72, 85, 72, 0, 0, 72, 72, 60, 60, 72, 72, 72, 72, 72, 72, 0, 72, 73, 72, 0, 0, 72, 60, 0, 0, 0, 0, 0, 0, 0, 0],
                 "height":16,
                 "width":16,
                 "x":-64,
                 "y":16
                }, 
                {
                 "data":[0, 0, 0, 0, 0, 0, 0, 0, 0, 0, 0, 0, 0, 0, 0, 0, 0, 0, 0, 0, 0, 0, 0, 0, 0, 0, 0, 0, 0, 0, 0, 0, 0, 0, 0, 0, 0, 0, 0, 0, 0, 0, 0, 0, 0, 0, 0, 0, 0, 0, 0, 0, 0, 0, 0, 0, 0, 0, 0, 0, 0, 0, 0, 0, 86, 85, 0, 0, 0, 0, 0, 0, 0, 0, 0, 0, 0, 0, 0, 0, 85, 86, 0, 0, 0, 0, 0, 0, 0, 0, 0, 0, 0, 0, 0, 0, 99, 72, 0, 0, 0, 0, 0, 0, 0, 0, 0, 0, 0, 0, 0, 0, 72, 72, 0, 0, 0, 0, 0, 0, 0, 0, 0, 0, 0, 0, 0, 0, 72, 73, 0, 0, 0, 0, 0, 0, 0, 0, 0, 0, 0, 0, 0, 0, 99, 72, 0, 0, 0, 0, 0, 0, 0, 0, 0, 0, 0, 0, 0, 0, 72, 72, 0, 0, 0, 0, 0, 0, 0, 0, 0, 0, 0, 0, 0, 0, 72, 86, 0, 0, 0, 0, 0, 0, 0, 0, 0, 0, 0, 0, 0, 0, 72, 72, 0, 0, 0, 0, 0, 0, 0, 0, 0, 0, 0, 0, 0, 0, 72, 72, 0, 0, 0, 0, 0, 0, 0, 0, 0, 0, 0, 0, 0, 0, 72, 72, 0, 0, 0, 0, 0, 0, 0, 0, 0, 0, 0, 0, 0, 0, 0, 0, 0, 0, 0, 0, 0, 0, 0, 0, 0, 0, 0, 0, 0, 0],
                 "height":16,
                 "width":16,
                 "x":-48,
                 "y":16
                }, 
                {
                 "data":[0, 0, 0, 0, 0, 0, 0, 0, 0, 0, 0, 0, 0, 0, 0, 0, 0, 0, 0, 0, 0, 0, 0, 0, 0, 0, 0, 0, 0, 0, 0, 0, 0, 0, 0, 0, 0, 0, 0, 0, 0, 0, 0, 0, 0, 0, 0, 0, 0, 0, 0, 0, 0, 0, 0, 0, 0, 0, 0, 72, 72, 72, 72, 85, 0, 0, 0, 0, 0, 0, 0, 0, 0, 0, 0, 72, 0, 73, 72, 72, 0, 0, 0, 0, 0, 0, 0, 0, 0, 0, 72, 72, 73, 72, 72, 72, 0, 0, 0, 0, 0, 0, 0, 0, 0, 72, 72, 72, 72, 86, 72, 72, 0, 0, 0, 0, 0, 0, 0, 0, 0, 72, 72, 72, 72, 72, 73, 72, 0, 0, 0, 0, 0, 0, 0, 0, 0, 72, 72, 72, 72, 72, 72, 72, 0, 0, 0, 0, 0, 0, 0, 0, 0, 72, 72, 86, 72, 86, 72, 72, 0, 0, 0, 0, 0, 0, 0, 0, 0, 60, 72, 72, 60, 60, 72, 85, 0, 0, 0, 0, 0, 0, 0, 0, 0, 72, 72, 72, 72, 72, 72, 85, 0, 0, 0, 0, 0, 0, 0, 0, 0, 72, 60, 72, 72, 72, 85, 72, 0, 0, 0, 0, 0, 0, 0, 0, 72, 72, 72, 72, 86, 72, 86, 85, 0, 0, 0, 0, 0, 0, 0, 0, 72, 72, 72, 72, 60, 72, 72, 0, 0, 0, 0, 0, 0, 0, 0, 0, 72, 72, 72, 72, 72, 85, 0, 0],
                 "height":16,
                 "width":16,
                 "x":-16,
                 "y":16
                }, 
                {
                 "data":[0, 0, 0, 0, 0, 0, 0, 0, 0, 0, 0, 0, 0, 0, 0, 0, 0, 0, 0, 0, 0, 0, 0, 0, 0, 0, 0, 0, 0, 0, 0, 0, 72, 72, 72, 0, 72, 72, 72, 73, 72, 72, 72, 72, 72, 86, 72, 72, 72, 72, 72, 72, 72, 72, 72, 72, 72, 85, 72, 72, 72, 86, 72, 0, 72, 72, 72, 72, 60, 72, 72, 72, 72, 72, 86, 72, 72, 72, 72, 0, 73, 60, 72, 60, 72, 72, 72, 86, 72, 72, 73, 72, 72, 72, 85, 72, 73, 72, 72, 72, 86, 60, 72, 72, 85, 72, 72, 72, 86, 73, 72, 72, 72, 72, 72, 72, 72, 72, 72, 72, 60, 72, 86, 72, 72, 72, 72, 85, 72, 72, 72, 72, 60, 72, 72, 72, 85, 60, 72, 72, 85, 72, 72, 72, 72, 60, 72, 60, 72, 72, 86, 72, 72, 60, 72, 72, 72, 72, 72, 73, 72, 73, 72, 72, 72, 72, 73, 72, 60, 72, 60, 72, 60, 86, 72, 72, 72, 86, 72, 72, 85, 72, 72, 72, 72, 72, 73, 72, 72, 60, 72, 72, 72, 72, 60, 86, 60, 72, 72, 72, 72, 72, 72, 72, 72, 72, 72, 72, 72, 72, 72, 72, 72, 85, 72, 72, 72, 85, 72, 72, 72, 85, 72, 72, 0, 0, 0, 0, 0, 0, 0, 0, 60, 86, 72, 72, 60, 72, 72, 72, 0, 0, 0, 0, 0, 0, 0, 0, 0, 72, 72, 72, 72, 72, 73, 72],
                 "height":16,
                 "width":16,
                 "x":0,
                 "y":16
                }, 
                {
                 "data":[0, 0, 0, 0, 0, 0, 0, 0, 0, 0, 0, 0, 0, 0, 0, 0, 0, 0, 0, 0, 0, 0, 0, 0, 0, 0, 0, 0, 0, 0, 0, 0, 72, 0, 0, 0, 0, 0, 0, 0, 0, 0, 86, 0, 0, 0, 0, 0, 72, 86, 72, 99, 99, 86, 72, 72, 72, 72, 0, 0, 0, 0, 0, 0, 72, 73, 72, 99, 73, 99, 72, 72, 72, 72, 0, 0, 86, 73, 99, 0, 72, 72, 72, 85, 60, 72, 99, 60, 72, 72, 85, 72, 86, 86, 72, 72, 72, 72, 72, 73, 86, 72, 72, 85, 72, 60, 72, 85, 72, 72, 72, 72, 72, 72, 99, 73, 85, 86, 72, 72, 72, 72, 72, 72, 73, 72, 72, 72, 72, 72, 86, 72, 99, 72, 72, 60, 99, 72, 72, 60, 72, 72, 72, 73, 72, 72, 86, 60, 60, 72, 72, 72, 60, 72, 72, 99, 72, 72, 99, 99, 72, 72, 99, 72, 72, 72, 72, 99, 72, 86, 72, 99, 72, 99, 85, 86, 72, 72, 72, 85, 73, 99, 72, 86, 60, 72, 0, 99, 72, 86, 86, 60, 72, 72, 72, 72, 72, 72, 73, 60, 99, 72, 0, 0, 0, 72, 72, 86, 60, 72, 86, 60, 72, 99, 72, 72, 72, 60, 72, 72, 0, 72, 72, 72, 72, 72, 72, 72, 72, 72, 0, 0, 72, 72, 73, 60, 0, 0, 0, 72, 72, 72, 72, 0, 0, 0, 0, 0, 0, 0, 0, 0, 0, 0, 0, 0],
                 "height":16,
                 "width":16,
                 "x":16,
                 "y":16
                }, 
                {
                 "data":[0, 0, 0, 0, 0, 0, 0, 0, 0, 0, 0, 0, 72, 72, 72, 72, 0, 0, 0, 0, 0, 0, 0, 0, 0, 0, 0, 72, 72, 72, 72, 72, 0, 0, 0, 0, 0, 0, 0, 0, 0, 0, 72, 72, 72, 72, 72, 72, 0, 86, 85, 85, 0, 0, 0, 0, 85, 99, 72, 72, 72, 72, 72, 85, 0, 60, 99, 85, 85, 0, 0, 0, 72, 72, 72, 72, 85, 60, 72, 72, 72, 60, 86, 86, 99, 0, 0, 0, 72, 86, 99, 73, 99, 72, 72, 72, 99, 72, 85, 60, 72, 72, 99, 72, 85, 85, 72, 72, 99, 99, 72, 85, 72, 85, 60, 60, 72, 60, 72, 72, 86, 99, 86, 72, 72, 72, 72, 72, 72, 72, 60, 73, 72, 86, 72, 72, 85, 99, 72, 99, 72, 99, 86, 72, 99, 73, 85, 73, 72, 73, 72, 72, 86, 72, 99, 99, 72, 86, 99, 72, 73, 72, 99, 73, 85, 99, 86, 99, 72, 72, 99, 99, 72, 60, 60, 72, 86, 72, 86, 99, 85, 85, 60, 60, 85, 85, 85, 72, 72, 72, 99, 72, 72, 72, 72, 72, 72, 72, 72, 72, 85, 72, 99, 73, 72, 60, 72, 72, 72, 72, 72, 72, 72, 72, 72, 72, 72, 72, 60, 60, 72, 72, 72, 72, 72, 72, 72, 0, 72, 72, 72, 72, 72, 72, 85, 72, 72, 72, 72, 72, 0, 0, 0, 0, 72, 72, 72, 72, 60, 99, 72, 72, 0, 0, 0, 0],
                 "height":16,
                 "width":16,
                 "x":32,
                 "y":16
                }, 
                {
                 "data":[72, 72, 60, 72, 73, 72, 0, 0, 0, 0, 0, 0, 0, 0, 0, 0, 72, 72, 72, 85, 72, 72, 0, 0, 0, 0, 0, 0, 0, 0, 0, 0, 99, 72, 99, 72, 72, 72, 0, 0, 0, 0, 0, 0, 0, 0, 0, 0, 60, 72, 99, 60, 99, 72, 0, 0, 0, 0, 0, 0, 0, 0, 0, 0, 72, 60, 72, 72, 72, 99, 0, 0, 0, 0, 0, 0, 0, 0, 0, 0, 72, 72, 72, 73, 86, 72, 0, 0, 0, 0, 0, 0, 0, 0, 0, 0, 72, 72, 72, 72, 72, 72, 0, 0, 0, 0, 0, 0, 0, 0, 0, 0, 72, 99, 99, 72, 86, 0, 0, 0, 0, 0, 0, 0, 0, 0, 0, 0, 60, 99, 72, 85, 72, 0, 0, 0, 0, 0, 0, 0, 0, 0, 0, 0, 99, 99, 99, 72, 0, 0, 0, 0, 0, 0, 0, 0, 0, 0, 0, 0, 72, 72, 85, 72, 0, 0, 0, 0, 0, 0, 0, 0, 0, 0, 0, 0, 72, 72, 72, 72, 0, 0, 0, 0, 0, 0, 0, 0, 0, 0, 0, 0, 72, 72, 72, 72, 0, 0, 0, 0, 0, 0, 0, 0, 0, 0, 0, 0, 72, 72, 72, 0, 0, 0, 0, 0, 0, 0, 0, 0, 0, 0, 0, 0, 72, 72, 0, 0, 0, 0, 0, 0, 0, 0, 0, 0, 0, 0, 0, 0, 0, 0, 0, 0, 0, 0, 0, 0, 0, 0, 0, 0, 0, 0, 0, 0],
                 "height":16,
                 "width":16,
                 "x":48,
                 "y":16
                }, 
                {
                 "data":[0, 0, 0, 72, 85, 72, 72, 86, 72, 72, 72, 72, 72, 72, 72, 72, 0, 72, 72, 72, 72, 72, 72, 72, 86, 72, 73, 72, 72, 72, 72, 72, 0, 72, 72, 72, 72, 72, 72, 72, 72, 72, 72, 85, 72, 72, 72, 0, 0, 72, 72, 72, 72, 72, 72, 72, 72, 73, 72, 72, 85, 60, 85, 0, 0, 0, 72, 73, 85, 73, 72, 72, 72, 86, 72, 73, 72, 73, 85, 0, 0, 0, 72, 72, 72, 86, 72, 72, 72, 72, 72, 86, 72, 72, 72, 0, 0, 0, 0, 72, 72, 72, 72, 86, 73, 86, 86, 73, 72, 72, 85, 0, 0, 0, 0, 0, 0, 72, 72, 72, 72, 72, 73, 72, 60, 72, 60, 0, 0, 0, 0, 0, 0, 0, 72, 72, 72, 86, 72, 85, 73, 72, 0, 0, 0, 0, 0, 0, 0, 0, 0, 72, 72, 72, 72, 72, 0, 0, 0, 0, 0, 0, 0, 0, 0, 0, 0, 0, 0, 0, 0, 0, 0, 0, 0, 0, 0, 0, 0, 0, 0, 0, 0, 0, 0, 0, 0, 0, 0, 0, 0, 0, 0, 0, 0, 0, 0, 0, 0, 0, 0, 0, 0, 0, 0, 0, 0, 0, 0, 0, 0, 0, 0, 0, 0, 0, 0, 0, 0, 0, 0, 0, 0, 0, 0, 0, 0, 0, 0, 0, 0, 0, 0, 0, 0, 0, 0, 0, 0, 0, 0, 0, 0, 0, 0, 0, 0, 0, 0, 0, 0, 0, 0, 0, 0, 0],
                 "height":16,
                 "width":16,
                 "x":-80,
                 "y":32
                }, 
                {
                 "data":[0, 86, 72, 72, 0, 72, 72, 86, 0, 0, 0, 0, 0, 0, 0, 0, 0, 72, 72, 72, 72, 72, 72, 86, 0, 0, 0, 0, 0, 0, 0, 0, 0, 72, 86, 72, 72, 72, 72, 60, 0, 0, 0, 0, 0, 0, 0, 0, 0, 86, 73, 72, 72, 72, 72, 72, 0, 0, 0, 0, 0, 0, 0, 0, 0, 60, 72, 72, 0, 0, 72, 72, 0, 0, 0, 0, 0, 0, 0, 0, 0, 72, 72, 72, 0, 0, 72, 72, 0, 0, 0, 0, 0, 0, 0, 0, 0, 72, 72, 72, 0, 0, 72, 72, 0, 0, 0, 0, 0, 0, 0, 0, 72, 72, 60, 72, 72, 0, 72, 72, 0, 0, 0, 0, 0, 0, 0, 0, 72, 72, 60, 72, 73, 0, 85, 0, 0, 0, 0, 0, 0, 0, 0, 0, 0, 60, 85, 73, 73, 0, 0, 0, 0, 0, 0, 0, 0, 0, 0, 0, 0, 72, 72, 0, 0, 0, 0, 0, 0, 0, 0, 0, 0, 0, 0, 0, 0, 0, 0, 0, 0, 0, 0, 0, 0, 0, 0, 0, 0, 0, 0, 0, 0, 0, 0, 0, 0, 0, 0, 0, 0, 0, 0, 0, 0, 0, 0, 0, 0, 0, 0, 0, 0, 0, 0, 0, 0, 0, 0, 0, 0, 0, 0, 0, 0, 0, 0, 0, 0, 0, 0, 0, 0, 0, 0, 0, 0, 0, 0, 0, 0, 0, 0, 0, 0, 0, 0, 0, 0, 0, 0, 0, 0, 0, 0, 0],
                 "height":16,
                 "width":16,
                 "x":-64,
                 "y":32
                }, 
                {
                 "data":[0, 0, 0, 0, 0, 0, 0, 72, 72, 72, 60, 72, 73, 72, 0, 0, 0, 0, 0, 0, 0, 0, 0, 72, 72, 72, 72, 72, 72, 72, 0, 0, 0, 0, 0, 0, 0, 0, 72, 72, 72, 72, 72, 72, 72, 0, 0, 0, 0, 0, 0, 0, 0, 0, 72, 72, 60, 72, 72, 72, 72, 0, 0, 0, 0, 0, 0, 0, 0, 0, 0, 72, 85, 72, 85, 72, 72, 0, 0, 0, 0, 0, 0, 0, 0, 0, 0, 86, 72, 72, 72, 72, 72, 0, 72, 72, 0, 0, 0, 0, 0, 0, 0, 72, 60, 86, 72, 72, 72, 0, 86, 72, 0, 0, 0, 0, 0, 0, 0, 72, 72, 72, 72, 72, 72, 85, 72, 85, 0, 0, 0, 0, 0, 0, 0, 0, 72, 60, 60, 72, 73, 60, 72, 72, 0, 0, 0, 0, 0, 0, 0, 0, 72, 60, 86, 72, 72, 72, 85, 72, 0, 0, 0, 0, 0, 0, 0, 0, 72, 72, 72, 73, 72, 72, 85, 72, 0, 0, 0, 0, 0, 0, 0, 0, 72, 72, 72, 72, 72, 72, 86, 73, 0, 0, 0, 0, 0, 0, 0, 0, 72, 72, 85, 72, 72, 72, 72, 72, 0, 0, 0, 0, 0, 0, 0, 0, 72, 72, 72, 72, 72, 72, 72, 72, 0, 0, 0, 0, 0, 0, 0, 0, 72, 72, 72, 72, 72, 72, 72, 72, 0, 0, 0, 0, 0, 0, 0, 0, 0, 72, 72, 72, 72, 72, 72, 72],
                 "height":16,
                 "width":16,
                 "x":-16,
                 "y":32
                }, 
                {
                 "data":[0, 0, 0, 0, 0, 0, 0, 0, 0, 0, 0, 0, 72, 72, 72, 0, 0, 0, 0, 0, 0, 72, 72, 0, 0, 0, 0, 0, 0, 0, 0, 0, 0, 72, 72, 72, 72, 72, 72, 72, 72, 72, 0, 0, 0, 0, 0, 0, 72, 72, 72, 72, 72, 72, 72, 72, 72, 72, 72, 72, 0, 0, 0, 0, 0, 72, 72, 72, 72, 72, 72, 72, 72, 72, 72, 72, 72, 0, 0, 0, 72, 72, 86, 72, 72, 72, 72, 72, 72, 72, 72, 72, 72, 72, 0, 0, 85, 73, 72, 72, 60, 72, 72, 72, 72, 72, 72, 72, 72, 72, 0, 0, 85, 72, 72, 72, 86, 60, 72, 86, 72, 72, 72, 73, 72, 72, 72, 0, 72, 73, 85, 72, 72, 73, 60, 72, 72, 72, 72, 72, 72, 72, 72, 0, 72, 72, 72, 73, 72, 72, 73, 72, 60, 72, 72, 72, 72, 72, 72, 0, 72, 60, 72, 72, 72, 72, 72, 72, 72, 86, 73, 73, 72, 72, 72, 0, 72, 72, 72, 72, 86, 73, 72, 72, 72, 72, 72, 72, 72, 72, 0, 0, 72, 72, 72, 60, 72, 72, 72, 72, 72, 86, 72, 72, 72, 86, 0, 0, 72, 72, 72, 72, 72, 72, 72, 0, 72, 72, 86, 72, 72, 0, 0, 0, 72, 72, 72, 72, 72, 72, 72, 0, 72, 72, 72, 72, 0, 0, 0, 0, 72, 72, 72, 72, 72, 72, 72, 0, 72, 72, 72, 85, 0, 0, 0, 0],
                 "height":16,
                 "width":16,
                 "x":0,
                 "y":32
                }, 
                {
                 "data":[0, 0, 0, 0, 0, 0, 0, 0, 0, 0, 0, 72, 72, 72, 72, 72, 0, 0, 0, 0, 0, 0, 0, 0, 0, 0, 0, 0, 72, 72, 72, 72, 0, 0, 0, 0, 0, 0, 0, 0, 0, 0, 0, 0, 0, 72, 72, 72, 0, 0, 0, 0, 0, 0, 0, 0, 0, 0, 0, 0, 0, 0, 0, 0, 0, 0, 0, 0, 0, 0, 0, 0, 0, 0, 0, 0, 0, 0, 0, 0, 0, 0, 0, 0, 0, 0, 0, 0, 0, 0, 0, 0, 0, 0, 0, 0, 0, 0, 0, 0, 0, 0, 0, 0, 0, 0, 0, 0, 0, 0, 0, 0, 0, 0, 0, 0, 0, 0, 0, 0, 0, 0, 0, 0, 0, 0, 0, 0, 0, 0, 0, 0, 0, 0, 0, 0, 0, 0, 0, 0, 0, 0, 0, 0, 0, 0, 0, 0, 0, 0, 0, 0, 0, 0, 0, 0, 0, 0, 0, 0, 0, 0, 0, 0, 0, 0, 0, 0, 0, 0, 0, 0, 0, 0, 0, 0, 0, 0, 0, 0, 0, 0, 0, 0, 0, 0, 0, 0, 0, 0, 0, 0, 0, 0, 0, 0, 0, 0, 0, 0, 0, 0, 0, 0, 0, 0, 0, 0, 0, 0, 0, 0, 0, 0, 0, 0, 0, 0, 0, 0, 0, 0, 0, 0, 0, 0, 0, 0, 0, 0, 0, 0, 0, 0, 0, 0, 0, 0, 0, 0, 0, 0, 0, 0, 0, 0, 0, 0, 0, 0, 0, 0, 0, 0, 0, 0],
                 "height":16,
                 "width":16,
                 "x":-16,
                 "y":48
                }, 
                {
                 "data":[72, 72, 72, 72, 72, 72, 72, 0, 0, 0, 0, 0, 0, 0, 0, 0, 72, 72, 72, 72, 72, 72, 0, 0, 0, 0, 0, 0, 0, 0, 0, 0, 72, 72, 72, 72, 0, 0, 0, 0, 0, 0, 0, 0, 0, 0, 0, 0, 0, 0, 0, 0, 0, 0, 0, 0, 0, 0, 0, 0, 0, 0, 0, 0, 0, 0, 0, 0, 0, 0, 0, 0, 0, 0, 0, 0, 0, 0, 0, 0, 0, 0, 0, 0, 0, 0, 0, 0, 0, 0, 0, 0, 0, 0, 0, 0, 0, 0, 0, 0, 0, 0, 0, 0, 0, 0, 0, 0, 0, 0, 0, 0, 0, 0, 0, 0, 0, 0, 0, 0, 0, 0, 0, 0, 0, 0, 0, 0, 0, 0, 0, 0, 0, 0, 0, 0, 0, 0, 0, 0, 0, 0, 0, 0, 0, 0, 0, 0, 0, 0, 0, 0, 0, 0, 0, 0, 0, 0, 0, 0, 0, 0, 0, 0, 0, 0, 0, 0, 0, 0, 0, 0, 0, 0, 0, 0, 0, 0, 0, 0, 0, 0, 0, 0, 0, 0, 0, 0, 0, 0, 0, 0, 0, 0, 0, 0, 0, 0, 0, 0, 0, 0, 0, 0, 0, 0, 0, 0, 0, 0, 0, 0, 0, 0, 0, 0, 0, 0, 0, 0, 0, 0, 0, 0, 0, 0, 0, 0, 0, 0, 0, 0, 0, 0, 0, 0, 0, 0, 0, 0, 0, 0, 0, 0, 0, 0, 0, 0, 0, 0, 0, 0, 0, 0, 0, 0],
                 "height":16,
                 "width":16,
                 "x":0,
                 "y":48
                }],
         "height":64,
         "id":1,
         "name":"Background",
         "opacity":0.5,
         "startx":-96,
         "starty":0,
         "type":"tilelayer",
         "visible":true,
         "width":160,
         "x":0,
         "y":0
        }, 
        {
         "chunks":[],
         "height":0,
         "id":3,
         "name":"Background Details",
         "opacity":1,
         "startx":0,
         "starty":0,
         "type":"tilelayer",
         "visible":true,
         "width":0,
         "x":0,
         "y":0
        }, 
        {
         "chunks":[
                {
                 "data":[0, 0, 0, 0, 0, 0, 0, 0, 0, 0, 0, 0, 0, 0, 0, 0, 0, 0, 0, 0, 0, 0, 0, 0, 0, 0, 0, 0, 0, 0, 0, 0, 0, 0, 0, 0, 0, 0, 0, 0, 0, 0, 0, 0, 0, 0, 0, 0, 0, 0, 0, 0, 0, 0, 0, 0, 0, 0, 0, 0, 0, 0, 0, 0, 0, 0, 0, 0, 0, 0, 0, 0, 0, 0, 0, 0, 0, 0, 0, 0, 0, 0, 0, 0, 0, 0, 0, 0, 0, 0, 0, 0, 0, 0, 0, 0, 0, 0, 0, 0, 0, 0, 0, 0, 0, 0, 0, 0, 0, 0, 0, 0, 0, 0, 0, 0, 0, 0, 14, 0, 0, 0, 0, 0, 0, 0, 0, 0, 0, 0, 0, 0, 0, 14, 27, 0, 0, 0, 0, 0, 0, 0, 0, 0, 0, 0, 0, 0, 0, 94, 95, 0, 0, 0, 0, 0, 0, 0, 0, 0, 0, 0, 0, 0, 0, 23, 26, 0, 0, 0, 0, 0, 0, 0, 0, 0, 0, 0, 0, 0, 0, 36, 26, 14, 0, 0, 0, 0, 0, 0, 0, 0, 0, 0, 0, 0, 10, 75, 76, 95, 0, 0, 0, 0, 0, 0, 0, 0, 0, 0, 0, 0, 36, 24, 24, 26, 0, 0, 0, 0, 0, 0, 0, 0, 0, 0, 0, 10, 75, 89, 38, 52, 0, 0, 0, 0, 0, 0, 0, 0, 0, 0, 0, 23, 24, 76, 11, 11, 13, 0, 0, 0, 0, 0, 0, 10],
                 "height":16,
                 "width":16,
                 "x":-16,
                 "y":0
                }, 
                {
                 "data":[0, 0, 0, 0, 0, 0, 0, 0, 0, 0, 0, 0, 0, 0, 0, 0, 0, 0, 0, 0, 0, 0, 0, 0, 0, 0, 0, 0, 0, 0, 0, 0, 0, 0, 0, 0, 0, 0, 0, 0, 0, 0, 0, 0, 0, 0, 0, 0, 0, 0, 0, 0, 0, 0, 0, 0, 0, 0, 0, 0, 0, 0, 0, 0, 0, 0, 0, 0, 0, 0, 0, 0, 0, 0, 0, 0, 0, 0, 0, 0, 0, 0, 0, 0, 0, 0, 0, 0, 0, 0, 0, 0, 0, 0, 0, 0, 0, 0, 0, 0, 0, 0, 0, 0, 0, 0, 0, 0, 0, 0, 0, 0, 0, 0, 0, 0, 0, 0, 0, 0, 0, 0, 0, 0, 0, 0, 0, 0, 0, 0, 0, 0, 0, 0, 0, 0, 0, 0, 0, 0, 0, 0, 0, 0, 0, 0, 0, 0, 0, 0, 0, 0, 0, 0, 0, 0, 0, 0, 0, 0, 0, 0, 0, 0, 0, 0, 0, 0, 0, 0, 0, 10, 11, 13, 0, 0, 0, 0, 0, 0, 0, 0, 0, 0, 0, 0, 6, 49, 50, 52, 8, 8, 0, 0, 0, 0, 0, 0, 0, 0, 10, 12, 11, 12, 11, 25, 11, 13, 0, 0, 0, 0, 0, 14, 0, 10, 75, 24, 24, 24, 24, 24, 24, 76, 0, 0, 0, 10, 13, 27, 10, 75, 24, 24, 24, 24, 24, 24, 24, 24, 12, 12, 25, 75, 76, 66, 75, 24, 24, 24, 24, 24, 24, 24, 24, 24],
                 "height":16,
                 "width":16,
                 "x":0,
                 "y":0
                }, 
                {
                 "data":[0, 0, 0, 0, 0, 0, 0, 0, 0, 0, 10, 11, 13, 0, 0, 0, 0, 0, 0, 0, 0, 0, 10, 11, 11, 25, 75, 24, 76, 13, 0, 0, 0, 0, 0, 0, 0, 0, 36, 24, 24, 24, 24, 24, 24, 76, 11, 13, 0, 0, 0, 0, 10, 12, 75, 24, 24, 89, 88, 24, 24, 24, 24, 76, 0, 0, 0, 0, 49, 88, 24, 89, 38, 52, 49, 88, 89, 38, 88, 24, 0, 0, 0, 0, 0, 49, 50, 92, 13, 0, 0, 49, 69, 0, 49, 51, 0, 0, 0, 0, 0, 2, 2, 49, 52, 0, 0, 0, 40, 0, 2, 2, 0, 0, 0, 0, 0, 0, 0, 2, 2, 0, 0, 0, 0, 0, 0, 0, 0, 0, 0, 0, 0, 0, 0, 0, 0, 0, 0, 0, 0, 0, 8, 0, 0, 0, 14, 0, 0, 0, 0, 0, 0, 0, 0, 10, 11, 11, 13, 0, 0, 0, 27, 0, 0, 0, 0, 0, 0, 0, 0, 23, 24, 24, 26, 8, 14, 8, 27, 0, 0, 0, 0, 0, 14, 0, 0, 23, 24, 24, 76, 11, 27, 14, 27, 8, 0, 0, 0, 10, 95, 0, 0, 23, 24, 24, 24, 89, 66, 66, 66, 13, 0, 0, 0, 23, 26, 0, 0, 23, 24, 24, 24, 26, 24, 24, 24, 39, 8, 8, 8, 23, 26, 8, 8, 23, 24, 24, 24, 39, 24, 24, 24, 76, 12, 12, 13, 23, 26, 10, 11, 75, 24, 24, 24, 39],
                 "height":16,
                 "width":16,
                 "x":16,
                 "y":0
                }, 
                {
                 "data":[0, 36, 24, 24, 24, 24, 24, 24, 24, 89, 51, 51, 38, 50, 51, 51, 0, 23, 24, 24, 24, 24, 24, 89, 38, 52, 0, 0, 0, 0, 0, 0, 10, 75, 24, 24, 24, 24, 89, 52, 0, 0, 0, 0, 0, 0, 14, 0, 75, 24, 24, 24, 24, 24, 39, 0, 0, 0, 0, 0, 0, 10, 95, 8, 24, 24, 24, 24, 24, 24, 26, 0, 0, 0, 0, 10, 13, 36, 67, 64, 51, 88, 24, 24, 24, 24, 39, 0, 0, 0, 0, 23, 76, 93, 52, 0, 2, 49, 88, 89, 50, 38, 69, 0, 0, 0, 0, 23, 24, 39, 0, 0, 0, 0, 49, 69, 0, 62, 55, 64, 0, 0, 0, 36, 24, 39, 8, 8, 0, 0, 0, 40, 0, 0, 0, 0, 0, 0, 0, 36, 24, 76, 11, 11, 0, 0, 0, 0, 0, 0, 0, 0, 0, 0, 0, 36, 24, 24, 24, 24, 8, 0, 0, 0, 0, 0, 0, 0, 0, 0, 0, 49, 88, 24, 24, 24, 13, 0, 0, 0, 0, 10, 11, 12, 12, 11, 11, 25, 75, 24, 24, 24, 52, 0, 0, 0, 0, 36, 24, 24, 24, 24, 24, 24, 24, 24, 24, 24, 0, 0, 8, 0, 0, 36, 24, 24, 24, 24, 24, 24, 24, 24, 24, 24, 8, 8, 14, 8, 8, 36, 24, 24, 24, 24, 24, 24, 24, 89, 51, 50, 10, 11, 66, 11, 11, 75, 24, 24, 24, 24, 24, 89, 50, 52, 0, 0],
                 "height":16,
                 "width":16,
                 "x":32,
                 "y":0
                }, 
                {
                 "data":[50, 50, 88, 24, 24, 24, 24, 24, 0, 0, 0, 0, 0, 0, 0, 0, 0, 0, 49, 88, 24, 24, 24, 24, 24, 0, 0, 0, 0, 0, 0, 0, 0, 0, 0, 49, 50, 50, 88, 24, 24, 24, 0, 0, 0, 0, 0, 0, 0, 0, 0, 2, 2, 0, 23, 24, 24, 24, 24, 0, 0, 0, 0, 0, 0, 0, 0, 0, 0, 0, 23, 24, 24, 24, 24, 0, 0, 0, 0, 0, 0, 0, 0, 8, 8, 0, 23, 24, 24, 24, 24, 0, 0, 0, 0, 0, 0, 0, 0, 10, 13, 4, 23, 24, 24, 24, 24, 0, 0, 0, 0, 0, 8, 8, 8, 36, 26, 4, 23, 24, 24, 24, 24, 0, 0, 0, 0, 0, 11, 11, 16, 23, 26, 4, 23, 24, 24, 24, 24, 0, 0, 0, 0, 0, 24, 24, 76, 75, 26, 4, 23, 24, 24, 24, 24, 0, 0, 0, 0, 0, 24, 24, 24, 24, 26, 4, 23, 24, 24, 24, 24, 0, 0, 0, 0, 0, 89, 50, 88, 24, 26, 4, 23, 24, 24, 24, 24, 0, 0, 0, 0, 0, 76, 16, 36, 24, 26, 4, 23, 24, 24, 24, 24, 0, 0, 0, 0, 0, 24, 26, 36, 24, 26, 4, 23, 24, 24, 24, 24, 0, 0, 0, 0, 0, 38, 52, 36, 24, 26, 4, 23, 24, 24, 24, 24, 0, 0, 0, 0, 0, 0, 0, 49, 51, 69, 4, 23, 24, 24, 24, 24, 0, 0, 0, 0, 0],
                 "height":16,
                 "width":16,
                 "x":48,
                 "y":0
                }, 
                {
                 "data":[0, 0, 0, 0, 0, 0, 0, 0, 0, 0, 0, 0, 0, 0, 0, 0, 0, 0, 0, 0, 0, 0, 0, 0, 0, 0, 0, 0, 0, 0, 0, 0, 0, 0, 0, 0, 0, 0, 0, 0, 0, 0, 0, 0, 0, 0, 0, 0, 0, 0, 0, 0, 0, 0, 0, 0, 0, 0, 0, 0, 0, 0, 0, 0, 0, 0, 0, 0, 0, 0, 0, 0, 0, 0, 0, 0, 0, 0, 0, 0, 0, 0, 0, 0, 0, 0, 0, 0, 0, 0, 0, 0, 0, 0, 0, 0, 0, 0, 0, 0, 0, 0, 0, 0, 0, 0, 0, 0, 0, 0, 0, 0, 0, 0, 0, 0, 0, 0, 0, 0, 0, 0, 0, 0, 0, 0, 0, 0, 0, 0, 0, 0, 0, 0, 0, 0, 0, 0, 0, 0, 0, 0, 0, 0, 0, 0, 0, 0, 0, 0, 0, 0, 0, 0, 0, 0, 0, 0, 0, 0, 0, 0, 0, 0, 0, 0, 0, 0, 0, 0, 0, 0, 0, 0, 0, 0, 0, 0, 0, 0, 0, 0, 0, 0, 0, 0, 0, 0, 0, 0, 0, 0, 0, 0, 0, 0, 0, 0, 0, 0, 0, 0, 0, 0, 0, 0, 0, 0, 0, 0, 0, 0, 0, 0, 0, 0, 0, 0, 0, 0, 0, 0, 0, 0, 0, 0, 0, 0, 0, 0, 0, 0, 0, 0, 0, 0, 0, 0, 10, 25, 0, 0, 0, 0, 0, 0, 0, 0, 0, 0, 0, 0, 0, 10, 75, 24],
                 "height":16,
                 "width":16,
                 "x":-96,
                 "y":16
                }, 
                {
                 "data":[0, 0, 0, 0, 0, 0, 0, 0, 0, 0, 0, 0, 0, 0, 0, 0, 0, 0, 0, 0, 0, 0, 0, 0, 0, 0, 0, 0, 0, 0, 0, 0, 0, 0, 0, 0, 0, 0, 0, 0, 0, 0, 0, 0, 0, 0, 0, 0, 0, 0, 0, 0, 0, 0, 0, 0, 0, 0, 0, 0, 0, 0, 0, 0, 0, 0, 0, 0, 0, 0, 10, 11, 75, 24, 24, 24, 24, 24, 24, 24, 0, 0, 0, 0, 0, 0, 49, 88, 24, 24, 24, 24, 24, 24, 24, 89, 0, 0, 0, 0, 0, 0, 0, 36, 24, 24, 89, 88, 24, 24, 24, 26, 0, 0, 0, 0, 0, 0, 0, 49, 80, 50, 52, 23, 24, 89, 50, 69, 0, 0, 0, 0, 0, 0, 0, 0, 40, 10, 12, 75, 89, 52, 0, 40, 0, 0, 0, 0, 0, 0, 0, 0, 0, 36, 24, 89, 52, 0, 0, 0, 0, 0, 0, 0, 0, 0, 0, 0, 0, 49, 88, 39, 0, 0, 0, 0, 0, 0, 0, 0, 0, 0, 0, 0, 0, 0, 36, 39, 4, 0, 0, 8, 0, 0, 0, 0, 0, 0, 0, 0, 0, 0, 49, 69, 4, 0, 0, 14, 0, 0, 0, 0, 0, 0, 0, 0, 0, 0, 0, 27, 4, 0, 0, 94, 25, 11, 25, 25, 12, 41, 64, 0, 0, 0, 0, 27, 4, 0, 0, 23, 24, 24, 24, 89, 51, 52, 0, 0, 0, 0, 0, 27, 4, 0, 0, 36],
                 "height":16,
                 "width":16,
                 "x":-80,
                 "y":16
                }, 
                {
                 "data":[0, 0, 0, 0, 0, 0, 0, 0, 0, 0, 0, 0, 0, 0, 0, 0, 0, 0, 0, 0, 0, 0, 0, 0, 0, 0, 0, 0, 0, 0, 0, 0, 0, 0, 0, 0, 0, 0, 0, 0, 0, 0, 0, 0, 0, 0, 0, 0, 0, 0, 0, 0, 0, 0, 0, 0, 0, 0, 0, 0, 0, 0, 0, 0, 24, 24, 24, 24, 89, 88, 24, 24, 89, 52, 0, 0, 0, 0, 0, 0, 88, 24, 24, 89, 52, 23, 24, 24, 39, 0, 0, 0, 0, 0, 0, 0, 36, 24, 24, 26, 10, 75, 24, 89, 69, 0, 0, 0, 0, 0, 0, 0, 49, 51, 88, 39, 23, 89, 80, 52, 0, 0, 0, 0, 0, 0, 0, 0, 0, 62, 56, 52, 23, 39, 40, 0, 0, 0, 0, 0, 0, 0, 0, 0, 0, 0, 0, 0, 23, 26, 4, 0, 0, 0, 0, 0, 0, 0, 0, 0, 0, 0, 0, 0, 23, 39, 4, 0, 0, 0, 0, 0, 0, 0, 0, 0, 0, 0, 0, 0, 36, 39, 4, 0, 0, 0, 0, 0, 0, 0, 0, 0, 8, 0, 0, 0, 23, 26, 4, 0, 0, 0, 0, 0, 0, 10, 25, 25, 13, 0, 0, 6, 23, 39, 4, 0, 0, 6, 10, 25, 12, 75, 24, 24, 26, 0, 0, 0, 36, 26, 4, 0, 6, 10, 75, 24, 24, 24, 24, 24, 26, 4, 0, 0, 68, 52, 4, 0, 10, 75, 24, 24, 24, 24, 24, 24],
                 "height":16,
                 "width":16,
                 "x":-64,
                 "y":16
                }, 
                {
                 "data":[0, 0, 0, 0, 0, 0, 0, 0, 0, 0, 0, 0, 0, 0, 0, 0, 0, 0, 0, 0, 0, 0, 0, 0, 0, 0, 0, 0, 0, 0, 0, 0, 0, 0, 0, 0, 0, 0, 0, 0, 0, 0, 0, 0, 0, 0, 0, 0, 0, 0, 0, 0, 0, 0, 0, 0, 0, 0, 0, 0, 0, 0, 0, 0, 0, 0, 0, 0, 0, 0, 0, 0, 0, 0, 0, 0, 0, 0, 0, 0, 0, 0, 0, 0, 0, 0, 0, 0, 0, 0, 0, 0, 0, 0, 0, 0, 0, 0, 0, 0, 0, 0, 0, 0, 0, 0, 0, 0, 0, 0, 0, 0, 0, 0, 0, 0, 0, 0, 0, 0, 0, 0, 0, 0, 0, 0, 0, 0, 0, 0, 0, 0, 0, 0, 0, 0, 0, 0, 0, 0, 0, 0, 0, 0, 0, 0, 0, 0, 0, 0, 0, 0, 0, 0, 0, 0, 0, 0, 0, 0, 0, 0, 0, 0, 0, 0, 0, 0, 0, 0, 0, 0, 0, 0, 0, 0, 0, 0, 0, 0, 0, 0, 0, 0, 0, 0, 0, 0, 0, 0, 0, 0, 25, 13, 0, 0, 0, 0, 0, 0, 0, 0, 0, 0, 0, 0, 0, 0, 24, 76, 0, 0, 0, 0, 0, 0, 0, 0, 0, 0, 0, 0, 0, 0, 24, 24, 0, 0, 0, 0, 0, 0, 0, 0, 0, 0, 0, 0, 0, 0, 24, 24, 0, 0, 0, 0, 0, 0, 0, 0, 0, 0, 0, 0, 0, 0],
                 "height":16,
                 "width":16,
                 "x":-48,
                 "y":16
                }, 
                {
                 "data":[0, 0, 0, 36, 24, 24, 24, 24, 76, 25, 12, 12, 25, 12, 12, 75, 0, 0, 0, 23, 24, 24, 24, 24, 24, 24, 24, 24, 24, 24, 24, 89, 0, 0, 0, 36, 24, 24, 24, 24, 24, 24, 24, 24, 24, 89, 38, 52, 0, 0, 0, 23, 24, 24, 24, 24, 24, 24, 24, 24, 89, 52, 1, 2, 0, 0, 10, 75, 24, 24, 24, 24, 24, 24, 89, 51, 52, 1, 0, 0, 0, 0, 49, 88, 24, 24, 24, 89, 51, 38, 52, 1, 2, 0, 0, 0, 0, 0, 0, 49, 88, 24, 24, 76, 12, 13, 1, 0, 0, 0, 0, 0, 0, 0, 0, 0, 36, 24, 24, 24, 24, 39, 4, 0, 0, 0, 0, 6, 0, 0, 0, 0, 23, 24, 24, 24, 24, 26, 4, 0, 0, 0, 0, 6, 0, 0, 0, 14, 36, 24, 24, 24, 89, 52, 4, 0, 0, 0, 0, 6, 0, 0, 0, 94, 75, 24, 24, 24, 26, 1, 0, 0, 0, 0, 0, 6, 0, 0, 0, 23, 24, 24, 24, 24, 26, 4, 0, 0, 0, 0, 0, 6, 0, 0, 0, 36, 24, 24, 24, 89, 52, 4, 0, 0, 0, 0, 0, 9, 0, 0, 0, 36, 24, 24, 24, 39, 1, 0, 0, 0, 0, 0, 9, 10, 0, 0, 0, 23, 24, 24, 89, 69, 4, 0, 0, 0, 0, 6, 10, 75, 0, 0, 0, 36, 24, 24, 26, 27, 4, 0, 0, 0, 0, 9, 23, 24],
                 "height":16,
                 "width":16,
                 "x":-16,
                 "y":16
                }, 
                {
                 "data":[24, 24, 24, 24, 24, 24, 24, 24, 24, 24, 24, 24, 24, 24, 24, 24, 51, 38, 50, 88, 24, 24, 24, 24, 24, 24, 24, 24, 24, 24, 24, 24, 1, 2, 3, 49, 51, 38, 38, 51, 88, 24, 24, 24, 24, 24, 24, 24, 0, 0, 0, 2, 2, 2, 2, 2, 23, 24, 24, 24, 24, 24, 24, 24, 0, 0, 0, 0, 0, 0, 0, 0, 36, 24, 24, 24, 24, 24, 24, 24, 0, 0, 0, 0, 0, 0, 0, 0, 49, 88, 24, 24, 24, 24, 24, 24, 8, 0, 0, 0, 0, 0, 0, 0, 0, 49, 38, 88, 24, 24, 24, 24, 14, 8, 0, 0, 0, 0, 0, 0, 0, 0, 0, 49, 50, 88, 24, 24, 94, 13, 4, 0, 0, 0, 0, 0, 0, 0, 0, 0, 0, 49, 38, 50, 23, 39, 4, 0, 0, 0, 0, 0, 0, 0, 0, 0, 0, 0, 0, 0, 23, 39, 4, 0, 0, 0, 0, 0, 0, 0, 0, 0, 0, 0, 0, 0, 23, 26, 4, 0, 0, 0, 0, 0, 0, 0, 0, 0, 0, 0, 0, 0, 36, 39, 4, 0, 0, 0, 0, 0, 0, 0, 0, 0, 0, 0, 0, 0, 75, 26, 4, 0, 0, 0, 0, 0, 0, 0, 0, 0, 0, 0, 0, 0, 24, 76, 25, 11, 12, 11, 12, 25, 11, 25, 12, 13, 7, 0, 0, 0, 24, 24, 24, 24, 24, 24, 24, 24, 24, 24, 24, 76, 13, 7, 8, 8],
                 "height":16,
                 "width":16,
                 "x":0,
                 "y":16
                }, 
                {
                 "data":[24, 24, 24, 24, 24, 24, 76, 75, 26, 23, 24, 24, 24, 24, 24, 76, 24, 24, 24, 24, 24, 24, 24, 24, 76, 75, 24, 24, 24, 24, 24, 24, 24, 24, 24, 24, 24, 24, 24, 89, 50, 50, 88, 24, 24, 24, 24, 89, 24, 24, 24, 24, 24, 89, 51, 52, 0, 0, 23, 24, 24, 89, 51, 52, 24, 24, 24, 24, 24, 76, 13, 0, 0, 0, 49, 50, 50, 52, 0, 62, 24, 24, 24, 24, 24, 89, 52, 0, 0, 0, 0, 0, 0, 0, 0, 0, 24, 24, 24, 89, 38, 52, 0, 0, 0, 0, 0, 0, 0, 0, 0, 0, 24, 24, 24, 26, 0, 0, 0, 0, 0, 0, 0, 0, 0, 0, 0, 0, 88, 24, 24, 39, 0, 0, 0, 0, 0, 0, 0, 8, 8, 8, 0, 0, 49, 50, 38, 52, 0, 0, 0, 0, 0, 0, 0, 10, 66, 13, 0, 0, 0, 0, 0, 0, 0, 0, 0, 0, 10, 25, 11, 75, 24, 39, 0, 0, 0, 0, 0, 0, 0, 0, 10, 12, 75, 24, 24, 24, 24, 67, 0, 0, 0, 0, 0, 0, 0, 0, 36, 24, 24, 24, 24, 24, 24, 76, 12, 12, 0, 0, 0, 0, 8, 8, 36, 24, 24, 24, 24, 24, 24, 24, 24, 24, 0, 8, 8, 9, 10, 25, 75, 24, 24, 24, 24, 24, 24, 24, 24, 24, 9, 10, 11, 25, 75, 24, 24, 24, 24, 24, 24, 24, 24, 24, 24, 24],
                 "height":16,
                 "width":16,
                 "x":16,
                 "y":16
                }, 
                {
                 "data":[75, 24, 24, 24, 24, 24, 24, 24, 24, 89, 38, 52, 0, 0, 0, 0, 24, 24, 24, 24, 24, 24, 24, 24, 24, 76, 13, 0, 0, 0, 0, 0, 88, 24, 24, 24, 24, 24, 24, 24, 89, 51, 91, 0, 0, 0, 0, 0, 23, 24, 89, 38, 88, 24, 24, 24, 39, 0, 0, 0, 0, 0, 0, 0, 56, 88, 39, 0, 79, 24, 24, 89, 52, 0, 0, 0, 0, 0, 0, 0, 0, 49, 69, 0, 49, 50, 50, 52, 0, 0, 0, 0, 0, 0, 0, 0, 0, 0, 27, 0, 0, 0, 0, 0, 0, 0, 0, 0, 0, 0, 0, 0, 0, 0, 27, 0, 0, 0, 0, 0, 0, 0, 0, 0, 0, 0, 0, 0, 0, 0, 40, 0, 0, 0, 0, 0, 0, 0, 0, 0, 0, 0, 8, 0, 0, 0, 0, 0, 0, 0, 0, 10, 11, 11, 13, 0, 0, 0, 14, 8, 0, 0, 0, 0, 0, 0, 10, 75, 24, 24, 76, 13, 0, 0, 94, 13, 0, 0, 0, 0, 0, 8, 36, 24, 24, 24, 89, 52, 0, 0, 36, 26, 41, 4, 0, 0, 9, 10, 75, 24, 24, 24, 76, 13, 8, 8, 36, 76, 39, 4, 0, 9, 10, 75, 24, 24, 24, 24, 24, 39, 10, 12, 75, 24, 39, 7, 9, 10, 75, 24, 24, 24, 24, 24, 24, 76, 75, 24, 24, 24, 76, 25, 11, 75, 24, 24, 24, 24, 24, 24, 24, 24, 24, 24, 24, 24],
                 "height":16,
                 "width":16,
                 "x":32,
                 "y":16
                }, 
                {
                 "data":[0, 0, 0, 0, 40, 4, 23, 24, 24, 24, 24, 0, 0, 0, 0, 0, 0, 0, 0, 0, 0, 0, 36, 24, 24, 24, 24, 0, 0, 0, 0, 0, 0, 0, 0, 0, 0, 0, 36, 24, 24, 24, 24, 0, 0, 0, 0, 0, 0, 0, 0, 0, 0, 0, 36, 24, 24, 24, 24, 0, 0, 0, 0, 0, 0, 0, 0, 0, 0, 0, 36, 24, 24, 24, 24, 0, 0, 0, 0, 0, 0, 0, 0, 0, 0, 8, 36, 24, 24, 24, 24, 0, 0, 0, 0, 0, 0, 0, 0, 0, 0, 10, 75, 24, 24, 24, 24, 0, 0, 0, 0, 0, 0, 0, 8, 8, 8, 49, 88, 24, 24, 24, 0, 0, 0, 0, 0, 0, 0, 0, 10, 11, 11, 11, 75, 24, 24, 24, 0, 0, 0, 0, 0, 0, 0, 0, 36, 24, 24, 24, 24, 24, 24, 24, 0, 0, 0, 0, 0, 0, 0, 8, 36, 24, 24, 24, 24, 24, 24, 0, 0, 0, 0, 0, 0, 0, 8, 10, 75, 24, 24, 24, 24, 24, 0, 0, 0, 0, 0, 0, 0, 0, 11, 75, 24, 24, 24, 24, 24, 24, 0, 0, 0, 0, 0, 0, 0, 0, 24, 24, 24, 24, 24, 24, 24, 24, 0, 0, 0, 0, 0, 0, 0, 0, 24, 24, 24, 24, 24, 24, 24, 24, 0, 0, 0, 0, 0, 0, 0, 0, 24, 24, 24, 24, 24, 24, 0, 0, 0, 0, 0, 0, 0, 0, 0, 0],
                 "height":16,
                 "width":16,
                 "x":48,
                 "y":16
                }, 
                {
                 "data":[0, 0, 0, 0, 0, 0, 0, 0, 0, 0, 0, 0, 10, 75, 24, 24, 0, 0, 0, 0, 0, 0, 0, 0, 0, 0, 0, 0, 36, 24, 24, 24, 0, 0, 0, 0, 0, 0, 0, 0, 0, 0, 0, 0, 23, 24, 24, 24, 0, 0, 0, 0, 0, 0, 0, 0, 0, 0, 0, 0, 36, 24, 24, 24, 0, 0, 0, 0, 0, 0, 0, 0, 0, 0, 0, 10, 75, 24, 24, 24, 0, 0, 0, 0, 0, 0, 0, 0, 0, 0, 0, 23, 24, 24, 24, 24, 0, 0, 0, 0, 0, 0, 0, 0, 0, 0, 0, 23, 24, 24, 24, 24, 0, 0, 0, 0, 0, 0, 0, 0, 0, 0, 0, 49, 88, 24, 24, 24, 0, 0, 0, 0, 0, 0, 0, 0, 0, 0, 0, 0, 23, 24, 24, 24, 0, 0, 0, 0, 0, 0, 0, 0, 0, 0, 0, 0, 49, 88, 24, 24, 0, 0, 0, 0, 0, 0, 0, 0, 0, 0, 0, 0, 0, 23, 24, 24, 0, 0, 0, 0, 0, 0, 0, 0, 0, 0, 0, 0, 0, 49, 88, 24, 0, 0, 0, 0, 0, 0, 0, 0, 0, 0, 0, 0, 0, 0, 49, 88, 0, 0, 0, 0, 0, 0, 0, 0, 0, 0, 0, 0, 0, 0, 0, 49, 0, 0, 0, 0, 0, 0, 0, 0, 0, 0, 0, 0, 0, 0, 0, 0, 0, 0, 0, 0, 0, 0, 0, 0, 0, 0, 0, 0, 0, 0, 0, 0],
                 "height":16,
                 "width":16,
                 "x":-96,
                 "y":32
                }, 
                {
                 "data":[24, 24, 89, 52, 1, 0, 0, 0, 0, 0, 0, 27, 4, 0, 0, 36, 24, 24, 26, 1, 0, 0, 0, 0, 0, 0, 0, 40, 4, 0, 0, 36, 24, 24, 39, 4, 0, 0, 0, 0, 0, 0, 0, 2, 0, 0, 0, 79, 24, 24, 39, 4, 0, 0, 0, 0, 0, 0, 0, 0, 0, 0, 0, 36, 24, 24, 39, 7, 0, 0, 0, 0, 0, 0, 0, 0, 0, 0, 0, 36, 24, 24, 76, 13, 4, 0, 0, 0, 0, 0, 0, 0, 0, 0, 0, 36, 24, 24, 24, 26, 7, 8, 8, 0, 0, 0, 0, 0, 0, 0, 0, 36, 24, 24, 24, 76, 25, 12, 13, 7, 0, 0, 0, 0, 0, 0, 8, 36, 24, 24, 24, 24, 24, 24, 76, 13, 4, 0, 0, 8, 8, 9, 10, 75, 24, 24, 24, 24, 24, 24, 24, 26, 7, 8, 9, 10, 11, 11, 75, 24, 24, 24, 24, 24, 24, 24, 24, 76, 25, 11, 11, 75, 24, 24, 24, 24, 24, 24, 24, 24, 24, 24, 24, 24, 24, 24, 24, 24, 24, 24, 24, 24, 24, 24, 24, 24, 24, 24, 24, 24, 24, 24, 24, 24, 24, 24, 24, 24, 50, 88, 24, 24, 24, 24, 24, 24, 24, 24, 24, 24, 24, 24, 24, 89, 0, 49, 88, 24, 24, 24, 24, 24, 24, 24, 24, 89, 50, 51, 50, 52, 0, 0, 49, 51, 50, 50, 38, 50, 38, 51, 51, 52, 0, 0, 0, 0],
                 "height":16,
                 "width":16,
                 "x":-80,
                 "y":32
                }, 
                {
                 "data":[26, 4, 0, 0, 40, 1, 0, 0, 23, 24, 24, 24, 24, 24, 24, 24, 39, 4, 0, 0, 2, 0, 0, 0, 23, 24, 24, 24, 24, 24, 24, 24, 39, 4, 0, 0, 0, 0, 0, 0, 36, 24, 24, 24, 24, 24, 24, 24, 67, 4, 0, 0, 8, 8, 0, 0, 23, 24, 24, 24, 24, 24, 24, 24, 67, 7, 0, 6, 10, 13, 4, 6, 23, 24, 24, 24, 24, 24, 24, 24, 76, 13, 7, 9, 36, 26, 4, 9, 23, 24, 24, 24, 24, 24, 24, 24, 24, 76, 25, 25, 75, 26, 7, 10, 75, 24, 24, 24, 24, 24, 24, 24, 24, 24, 24, 24, 24, 76, 25, 75, 24, 24, 24, 24, 24, 24, 24, 89, 24, 24, 24, 24, 24, 24, 24, 24, 24, 24, 24, 24, 24, 24, 89, 52, 24, 24, 24, 24, 24, 24, 24, 24, 24, 24, 24, 24, 24, 89, 52, 0, 24, 24, 24, 24, 24, 24, 24, 24, 24, 24, 24, 24, 89, 52, 0, 0, 24, 24, 24, 24, 24, 24, 24, 24, 24, 24, 89, 38, 52, 0, 0, 0, 24, 24, 24, 24, 24, 24, 24, 89, 38, 51, 52, 0, 0, 0, 0, 0, 50, 50, 38, 51, 51, 50, 51, 52, 0, 0, 0, 0, 0, 0, 0, 0, 0, 0, 0, 0, 0, 0, 0, 0, 0, 0, 0, 0, 0, 0, 0, 0, 0, 0, 0, 0, 0, 0, 0, 0, 0, 0, 0, 0, 0, 0, 0, 0],
                 "height":16,
                 "width":16,
                 "x":-64,
                 "y":32
                }, 
                {
                 "data":[24, 24, 0, 0, 0, 0, 0, 0, 0, 0, 0, 0, 0, 0, 0, 0, 24, 24, 0, 0, 0, 0, 0, 0, 0, 0, 0, 0, 0, 0, 0, 0, 24, 24, 0, 0, 0, 0, 0, 0, 0, 0, 0, 0, 0, 0, 0, 0, 24, 24, 0, 0, 0, 0, 0, 0, 0, 0, 0, 0, 0, 0, 0, 0, 24, 24, 0, 0, 0, 0, 0, 0, 0, 0, 0, 0, 0, 0, 0, 0, 24, 24, 0, 0, 0, 0, 0, 0, 0, 0, 0, 0, 0, 0, 0, 0, 24, 89, 0, 0, 0, 0, 0, 0, 0, 0, 0, 0, 0, 0, 0, 0, 38, 52, 0, 0, 0, 0, 0, 0, 0, 0, 0, 0, 0, 0, 0, 0, 0, 0, 0, 0, 0, 0, 0, 0, 0, 0, 0, 0, 0, 0, 0, 0, 0, 0, 0, 0, 0, 0, 0, 0, 0, 0, 0, 0, 0, 0, 0, 0, 0, 0, 0, 0, 0, 0, 0, 0, 0, 0, 0, 0, 0, 0, 0, 0, 0, 0, 0, 0, 0, 0, 0, 0, 0, 0, 0, 0, 0, 0, 0, 0, 0, 0, 0, 0, 0, 0, 0, 0, 0, 0, 0, 0, 0, 0, 0, 0, 0, 0, 0, 0, 0, 0, 0, 0, 0, 0, 0, 0, 0, 0, 0, 0, 0, 0, 0, 0, 0, 0, 0, 0, 0, 0, 0, 0, 0, 0, 0, 0, 0, 0, 0, 0, 0, 0, 0, 0, 0, 0, 0, 0, 0, 0, 0, 0],
                 "height":16,
                 "width":16,
                 "x":-48,
                 "y":32
                }, 
                {
                 "data":[0, 0, 0, 0, 0, 0, 0, 0, 0, 0, 0, 0, 0, 0, 0, 0, 0, 0, 0, 0, 0, 0, 0, 0, 0, 0, 0, 0, 0, 0, 0, 0, 0, 0, 0, 0, 0, 0, 0, 0, 0, 0, 0, 0, 0, 0, 0, 0, 0, 0, 0, 0, 0, 0, 0, 0, 0, 0, 0, 0, 0, 0, 0, 0, 0, 0, 0, 0, 0, 0, 0, 0, 0, 0, 0, 0, 0, 0, 0, 0, 0, 0, 0, 0, 0, 0, 0, 0, 0, 0, 0, 0, 0, 0, 0, 0, 0, 0, 0, 0, 0, 0, 0, 0, 0, 0, 0, 0, 0, 0, 0, 0, 0, 0, 0, 0, 0, 0, 0, 0, 0, 0, 0, 0, 0, 0, 0, 0, 0, 0, 0, 0, 0, 0, 0, 0, 0, 0, 0, 0, 0, 0, 0, 0, 0, 0, 0, 0, 0, 0, 0, 0, 0, 0, 0, 0, 0, 0, 0, 0, 0, 0, 0, 0, 0, 0, 0, 0, 0, 0, 0, 0, 0, 0, 0, 0, 0, 0, 0, 0, 0, 0, 0, 0, 0, 0, 0, 0, 0, 0, 0, 0, 0, 0, 0, 0, 0, 0, 0, 0, 0, 0, 0, 0, 0, 0, 0, 0, 0, 0, 0, 0, 0, 0, 0, 0, 0, 0, 0, 0, 0, 0, 0, 0, 0, 0, 0, 0, 0, 0, 0, 0, 0, 0, 0, 0, 0, 0, 0, 10, 0, 0, 0, 0, 0, 0, 0, 0, 0, 0, 0, 0, 0, 0, 0, 49],
                 "height":16,
                 "width":16,
                 "x":-32,
                 "y":32
                }, 
                {
                 "data":[0, 0, 0, 36, 24, 24, 39, 40, 4, 0, 0, 0, 6, 10, 75, 24, 0, 0, 0, 36, 24, 24, 26, 1, 0, 0, 0, 0, 6, 23, 24, 24, 0, 0, 0, 23, 24, 89, 52, 4, 0, 0, 0, 0, 6, 23, 24, 89, 0, 0, 0, 36, 24, 76, 13, 4, 0, 0, 0, 0, 6, 23, 24, 39, 0, 0, 0, 36, 24, 24, 26, 4, 0, 0, 0, 0, 6, 36, 24, 26, 0, 0, 0, 36, 24, 24, 26, 4, 0, 0, 0, 0, 6, 23, 24, 39, 0, 0, 43, 75, 24, 24, 26, 7, 0, 0, 0, 0, 6, 23, 89, 52, 0, 0, 36, 24, 24, 24, 76, 16, 4, 0, 0, 0, 6, 68, 52, 0, 0, 0, 36, 24, 24, 24, 24, 26, 4, 0, 0, 0, 6, 40, 2, 0, 0, 10, 75, 24, 24, 24, 24, 26, 4, 0, 0, 0, 0, 2, 0, 0, 0, 23, 24, 24, 24, 24, 24, 26, 4, 0, 0, 0, 0, 0, 0, 0, 0, 23, 24, 24, 24, 24, 24, 39, 7, 0, 0, 0, 0, 0, 0, 0, 10, 75, 24, 24, 24, 24, 24, 76, 13, 4, 0, 0, 0, 0, 0, 0, 23, 24, 24, 24, 24, 24, 24, 24, 26, 4, 0, 0, 0, 0, 0, 0, 75, 24, 24, 24, 24, 24, 24, 24, 39, 7, 0, 0, 0, 0, 0, 0, 88, 24, 24, 24, 24, 24, 24, 24, 76, 13, 7, 0, 0, 0, 0, 0],
                 "height":16,
                 "width":16,
                 "x":-16,
                 "y":32
                }, 
                {
                 "data":[24, 24, 24, 24, 24, 24, 24, 24, 24, 24, 24, 24, 76, 25, 25, 11, 24, 24, 89, 50, 38, 50, 51, 51, 50, 88, 24, 24, 24, 24, 24, 24, 88, 89, 52, 0, 0, 0, 0, 0, 0, 23, 24, 24, 24, 24, 24, 24, 68, 52, 0, 0, 0, 0, 0, 0, 0, 49, 88, 24, 24, 24, 24, 24, 40, 0, 0, 0, 0, 0, 0, 0, 0, 0, 36, 24, 24, 24, 24, 24, 0, 0, 0, 0, 0, 0, 0, 0, 0, 0, 36, 24, 24, 24, 24, 24, 0, 0, 0, 0, 0, 0, 0, 0, 0, 10, 75, 24, 24, 24, 24, 89, 0, 0, 0, 0, 0, 0, 0, 0, 0, 36, 24, 24, 24, 24, 89, 52, 0, 0, 0, 0, 0, 10, 11, 95, 10, 75, 24, 24, 24, 24, 26, 0, 0, 0, 0, 0, 62, 56, 88, 76, 75, 24, 24, 24, 24, 24, 26, 0, 0, 0, 0, 0, 0, 0, 49, 88, 24, 24, 24, 24, 24, 89, 52, 0, 0, 0, 0, 0, 0, 0, 0, 36, 24, 24, 24, 24, 24, 26, 0, 0, 0, 0, 0, 0, 0, 0, 0, 23, 24, 24, 24, 24, 24, 26, 0, 0, 0, 0, 0, 0, 0, 0, 0, 23, 24, 24, 24, 24, 89, 52, 0, 0, 0, 0, 0, 0, 0, 0, 9, 23, 24, 24, 24, 24, 39, 0, 0, 0, 0, 0, 0, 0, 0, 6, 10, 75, 24, 24, 24, 24, 39, 0, 0, 0],
                 "height":16,
                 "width":16,
                 "x":0,
                 "y":32
                }, 
                {
                 "data":[25, 75, 24, 24, 24, 24, 24, 24, 24, 24, 89, 80, 0, 0, 0, 0, 24, 24, 24, 24, 24, 24, 24, 24, 89, 38, 52, 0, 0, 0, 0, 0, 24, 24, 24, 24, 89, 38, 51, 51, 52, 0, 0, 0, 0, 0, 0, 0, 24, 24, 89, 51, 52, 0, 0, 0, 0, 0, 0, 0, 0, 0, 0, 0, 89, 38, 52, 0, 0, 0, 0, 0, 0, 0, 0, 0, 0, 0, 0, 0, 39, 0, 0, 0, 0, 0, 0, 0, 0, 0, 0, 0, 0, 0, 0, 0, 52, 0, 0, 0, 0, 0, 0, 0, 0, 0, 0, 0, 0, 0, 0, 0, 0, 0, 0, 0, 0, 0, 0, 0, 0, 0, 0, 0, 0, 0, 0, 0, 0, 0, 0, 0, 0, 0, 0, 0, 0, 0, 0, 0, 0, 0, 0, 0, 0, 0, 0, 0, 0, 0, 0, 0, 0, 0, 0, 0, 0, 0, 0, 0, 0, 0, 0, 0, 0, 0, 0, 0, 0, 0, 0, 0, 0, 0, 0, 0, 0, 0, 0, 0, 0, 0, 0, 0, 0, 0, 0, 0, 0, 0, 0, 0, 0, 0, 0, 0, 0, 0, 0, 0, 0, 0, 0, 0, 0, 0, 0, 0, 0, 0, 0, 0, 0, 0, 0, 0, 0, 0, 0, 0, 0, 0, 0, 0, 0, 0, 0, 0, 0, 0, 0, 0, 0, 0, 0, 0, 0, 0, 0, 0, 0, 0, 0, 0, 0, 0, 0, 0, 0, 0, 0, 0, 0, 0, 0, 0],
                 "height":16,
                 "width":16,
                 "x":16,
                 "y":32
                }, 
                {
                 "data":[49, 50, 88, 24, 24, 24, 24, 24, 24, 76, 13, 7, 0, 0, 0, 0, 0, 0, 36, 24, 24, 24, 24, 24, 24, 24, 76, 16, 7, 0, 0, 0, 0, 0, 49, 88, 24, 24, 24, 24, 24, 24, 24, 76, 13, 7, 8, 8, 0, 0, 0, 36, 24, 24, 24, 24, 24, 24, 24, 24, 76, 12, 25, 12, 0, 0, 0, 49, 88, 24, 24, 24, 24, 24, 24, 24, 24, 24, 24, 24, 0, 0, 0, 0, 49, 38, 88, 24, 24, 24, 24, 24, 24, 24, 24, 24, 0, 0, 0, 0, 0, 0, 49, 51, 88, 24, 24, 24, 24, 24, 24, 24, 0, 0, 0, 0, 0, 0, 0, 0, 49, 50, 51, 38, 50, 51, 51, 50, 0, 0, 0, 0, 0, 0, 0, 0, 0, 0, 0, 0, 0, 0, 0, 0, 0, 0, 0, 0, 0, 0, 0, 0, 0, 0, 0, 0, 0, 0, 0, 0, 0, 0, 0, 0, 0, 0, 0, 0, 0, 0, 0, 0, 0, 0, 0, 0, 0, 0, 0, 0, 0, 0, 0, 0, 0, 0, 0, 0, 0, 0, 0, 0, 0, 0, 0, 0, 0, 0, 0, 0, 0, 0, 0, 0, 0, 0, 0, 0, 0, 0, 0, 0, 0, 0, 0, 0, 0, 0, 0, 0, 0, 0, 0, 0, 0, 0, 0, 0, 0, 0, 0, 0, 0, 0, 0, 0, 0, 0, 0, 0, 0, 0, 0, 0, 0, 0, 0, 0, 0, 0, 0, 0, 0, 0, 0, 0],
                 "height":16,
                 "width":16,
                 "x":-16,
                 "y":48
                }, 
                {
                 "data":[0, 0, 0, 0, 0, 9, 36, 24, 24, 24, 24, 24, 39, 0, 0, 0, 0, 0, 0, 8, 9, 10, 75, 24, 24, 24, 24, 89, 52, 0, 0, 0, 8, 8, 9, 10, 12, 75, 24, 24, 24, 24, 89, 52, 0, 0, 0, 0, 25, 25, 11, 75, 24, 24, 24, 24, 24, 89, 52, 0, 0, 0, 0, 0, 24, 24, 24, 24, 24, 24, 24, 24, 89, 52, 0, 0, 0, 0, 0, 0, 24, 24, 24, 24, 24, 24, 24, 89, 52, 0, 0, 0, 0, 0, 0, 0, 24, 24, 24, 24, 24, 24, 89, 52, 0, 0, 0, 0, 0, 0, 0, 0, 51, 50, 51, 50, 50, 50, 52, 0, 0, 0, 0, 0, 0, 0, 0, 0, 0, 0, 0, 0, 0, 0, 0, 0, 0, 0, 0, 0, 0, 0, 0, 0, 0, 0, 0, 0, 0, 0, 0, 0, 0, 0, 0, 0, 0, 0, 0, 0, 0, 0, 0, 0, 0, 0, 0, 0, 0, 0, 0, 0, 0, 0, 0, 0, 0, 0, 0, 0, 0, 0, 0, 0, 0, 0, 0, 0, 0, 0, 0, 0, 0, 0, 0, 0, 0, 0, 0, 0, 0, 0, 0, 0, 0, 0, 0, 0, 0, 0, 0, 0, 0, 0, 0, 0, 0, 0, 0, 0, 0, 0, 0, 0, 0, 0, 0, 0, 0, 0, 0, 0, 0, 0, 0, 0, 0, 0, 0, 0, 0, 0, 0, 0, 0, 0, 0, 0, 0, 0, 0, 0, 0, 0, 0, 0],
                 "height":16,
                 "width":16,
                 "x":0,
                 "y":48
                }],
         "height":64,
         "id":2,
         "name":"Terrain",
         "opacity":1,
         "startx":-96,
         "starty":0,
         "type":"tilelayer",
         "visible":true,
         "width":160,
         "x":0,
         "y":0
        }, 
        {
         "draworder":"topdown",
         "id":10,
         "name":"Camera",
         "objects":[
                {
                 "height":160,
                 "id":181,
                 "name":"",
                 "properties":[
                        {
                         "name":"Distance",
                         "type":"float",
                         "value":256
                        }],
                 "rotation":0,
                 "type":"Camera",
                 "visible":true,
                 "width":256,
                 "x":192,
                 "y":80
                }, 
                {
                 "height":160,
                 "id":182,
                 "name":"",
                 "properties":[
                        {
                         "name":"Distance",
                         "type":"float",
                         "value":208
                        }, 
                        {
                         "name":"Position",
                         "type":"object",
                         "value":680
                        }],
                 "rotation":0,
                 "type":"Camera",
                 "visible":true,
                 "width":112,
                 "x":448,
                 "y":80
                }, 
                {
                 "height":112,
                 "id":201,
                 "name":"",
                 "properties":[
                        {
                         "name":"Distance",
                         "type":"float",
                         "value":240
                        }],
                 "rotation":0,
                 "type":"Camera",
                 "visible":true,
                 "width":240,
                 "x":608,
                 "y":16
                }, 
                {
                 "height":288,
                 "id":232,
                 "name":"",
                 "rotation":0,
                 "type":"Camera",
                 "visible":true,
                 "width":208,
                 "x":672,
                 "y":224
                }, 
                {
                 "height":208,
                 "id":233,
                 "name":"",
                 "rotation":0,
                 "type":"Camera",
                 "visible":true,
                 "width":224,
                 "x":448,
                 "y":304
                }, 
                {
                 "height":240,
                 "id":293,
                 "name":"",
                 "properties":[
                        {
                         "name":"Distance",
                         "type":"float",
                         "value":256
                        }, 
                        {
                         "name":"Position",
                         "type":"object",
                         "value":683
                        }],
                 "rotation":0,
                 "type":"Camera",
                 "visible":true,
                 "width":192,
                 "x":256,
                 "y":304
                }, 
                {
                 "height":288,
                 "id":358,
                 "name":"",
                 "rotation":0,
                 "type":"Camera",
                 "visible":true,
                 "width":160,
                 "x":-1024,
                 "y":400
                }, 
                {
                 "height":288,
                 "id":359,
                 "name":"",
                 "rotation":0,
                 "type":"Camera",
                 "visible":true,
                 "width":208,
                 "x":-1232,
                 "y":400
                }, 
                {
                 "height":464,
                 "id":676,
                 "name":"",
                 "rotation":0,
                 "type":"Camera",
                 "visible":true,
                 "width":144,
                 "x":-144,
                 "y":384
                }, 
                {
                 "height":0,
                 "id":680,
                 "name":"",
                 "point":true,
                 "rotation":0,
                 "type":"",
                 "visible":true,
                 "width":0,
                 "x":560,
                 "y":160
                }, 
                {
                 "height":0,
                 "id":683,
                 "name":"",
                 "point":true,
                 "rotation":0,
                 "type":"",
                 "visible":true,
                 "width":0,
                 "x":256,
                 "y":464
                }],
         "opacity":1,
         "type":"objectgroup",
         "visible":true,
         "x":0,
         "y":0
        }, 
        {
         "draworder":"topdown",
         "id":8,
         "name":"Checkpoints",
         "objects":[
                {
                 "height":16,
                 "id":669,
                 "name":"S",
                 "properties":[
                        {
                         "name":"Attack",
                         "type":"bool",
                         "value":false
                        }, 
                        {
                         "name":"Dash",
                         "type":"bool",
                         "value":false
                        }, 
                        {
                         "name":"Jump",
                         "type":"bool",
                         "value":true
                        }],
                 "rotation":0,
                 "type":"Checkpoint",
                 "visible":true,
                 "width":64,
                 "x":-96,
                 "y":240
                }, 
                {
                 "height":16,
                 "id":671,
                 "name":"",
                 "rotation":0,
                 "type":"Checkpoint",
                 "visible":true,
                 "width":48,
                 "x":432,
                 "y":128
                }, 
                {
                 "height":16,
                 "id":672,
                 "name":"",
                 "rotation":0,
                 "type":"Checkpoint",
                 "visible":true,
                 "width":64,
                 "x":624,
                 "y":384
                }, 
                {
                 "height":16,
                 "id":673,
                 "name":"",
                 "rotation":0,
                 "type":"Checkpoint",
                 "visible":true,
                 "width":80,
                 "x":64,
                 "y":464
                }, 
                {
                 "height":16,
                 "id":674,
                 "name":"E",
                 "rotation":0,
                 "type":"Checkpoint",
                 "visible":true,
                 "width":48,
                 "x":80,
                 "y":624
                }],
         "opacity":1,
         "type":"objectgroup",
         "visible":true,
         "x":0,
         "y":0
        }, 
        {
         "draworder":"topdown",
         "id":9,
         "name":"Events",
         "objects":[
                {
                 "height":16,
                 "id":677,
                 "name":"Dash Prompt",
                 "rotation":0,
                 "type":"Event",
                 "visible":true,
                 "width":38.25,
                 "x":542.875,
                 "y":155.75
                }],
         "opacity":1,
         "type":"objectgroup",
         "visible":true,
         "x":0,
         "y":0
        }],
 "nextlayerid":11,
 "nextobjectid":684,
 "orientation":"orthogonal",
 "renderorder":"right-down",
 "tiledversion":"1.7.0",
 "tileheight":16,
 "tilesets":[
        {
         "columns":3,
         "firstgid":1,
         "image":"..\/Assets\/Tilesets\/Dungeon_Spikes.png",
         "imageheight":48,
         "imagewidth":48,
         "margin":0,
         "name":"Dungeon_Spikes",
         "spacing":0,
         "tilecount":9,
         "tileheight":16,
         "tiles":[
                {
                 "id":0,
                 "type":"Trap"
                }, 
                {
                 "id":1,
                 "type":"Trap"
                }, 
                {
                 "id":2,
                 "type":"Trap"
                }, 
                {
                 "id":3,
                 "type":"Trap"
                }, 
                {
                 "id":4,
                 "type":"Trap"
                }, 
                {
                 "id":5,
                 "type":"Trap"
                }, 
                {
                 "id":6,
                 "type":"Trap"
                }, 
                {
                 "id":7,
                 "type":"Trap"
                }, 
                {
                 "id":8,
                 "type":"Trap"
                }],
         "tilewidth":16,
         "wangsets":[
                {
                 "colors":[
                        {
                         "color":"#ff0000",
                         "name":"Spikes",
                         "probability":1,
                         "tile":-1
                        }],
                 "name":"Spikes",
                 "tile":-1,
                 "type":"mixed",
                 "wangtiles":[
                        {
                         "tileid":0,
                         "wangid":[1, 1, 0, 0, 0, 1, 1, 1]
                        }, 
                        {
                         "tileid":1,
                         "wangid":[1, 1, 0, 0, 0, 0, 0, 1]
                        }, 
                        {
                         "tileid":2,
                         "wangid":[1, 1, 1, 1, 0, 0, 0, 1]
                        }, 
                        {
                         "tileid":3,
                         "wangid":[0, 0, 0, 0, 0, 1, 1, 1]
                        }, 
                        {
                         "tileid":4,
                         "wangid":[1, 1, 1, 1, 1, 1, 1, 1]
                        }, 
                        {
                         "tileid":5,
                         "wangid":[0, 1, 1, 1, 0, 0, 0, 0]
                        }, 
                        {
                         "tileid":6,
                         "wangid":[0, 0, 0, 1, 1, 1, 1, 1]
                        }, 
                        {
                         "tileid":7,
                         "wangid":[0, 0, 0, 1, 1, 1, 0, 0]
                        }, 
                        {
                         "tileid":8,
                         "wangid":[0, 1, 1, 1, 1, 1, 0, 0]
                        }]
                }]
        }, 
        {
         "columns":13,
         "firstgid":10,
         "grid":
            {
             "height":32,
             "orientation":"orthogonal",
             "width":32
            },
         "image":"..\/Assets\/Tilesets\/Dungeon_Terrain.png",
         "imageheight":112,
         "imagewidth":208,
         "margin":0,
         "name":"Dungeon_Terrain",
         "spacing":0,
         "tilecount":91,
         "tileheight":16,
         "tiles":[
                {
                 "id":62,
                 "probability":10
                }],
         "tilewidth":16,
         "wangsets":[
                {
                 "colors":[
                        {
                         "color":"#afad6e",
                         "name":"Wall Edge",
                         "probability":1,
                         "tile":-1
                        }, 
                        {
                         "color":"#3d3d3d",
                         "name":"Dark",
                         "probability":1,
                         "tile":-1
                        }, 
                        {
                         "color":"#c1c1c1",
                         "name":"Stone",
                         "probability":1,
                         "tile":-1
                        }, 
                        {
                         "color":"#ff7700",
                         "name":"Stone Edge",
                         "probability":1,
                         "tile":-1
                        }],
                 "name":"Dungeon Terrain",
                 "tile":-1,
                 "type":"mixed",
                 "wangtiles":[
                        {
                         "tileid":0,
                         "wangid":[1, 1, 2, 2, 2, 1, 1, 1]
                        }, 
                        {
                         "tileid":1,
                         "wangid":[1, 1, 2, 2, 2, 2, 2, 1]
                        }, 
                        {
                         "tileid":2,
                         "wangid":[1, 1, 2, 2, 2, 2, 2, 1]
                        }, 
                        {
                         "tileid":3,
                         "wangid":[1, 1, 1, 1, 2, 2, 2, 1]
                        }, 
                        {
                         "tileid":4,
                         "wangid":[1, 1, 1, 1, 2, 1, 1, 1]
                        }, 
                        {
                         "tileid":5,
                         "wangid":[1, 1, 2, 1, 2, 1, 1, 1]
                        }, 
                        {
                         "tileid":6,
                         "wangid":[1, 1, 1, 1, 2, 2, 2, 1]
                        }, 
                        {
                         "tileid":11,
                         "wangid":[4, 4, 4, 4, 3, 4, 4, 4]
                        }, 
                        {
                         "tileid":13,
                         "wangid":[2, 2, 2, 2, 2, 1, 1, 1]
                        }, 
                        {
                         "tileid":14,
                         "wangid":[2, 2, 2, 2, 2, 2, 2, 2]
                        }, 
                        {
                         "tileid":15,
                         "wangid":[1, 1, 2, 2, 2, 2, 2, 1]
                        }, 
                        {
                         "tileid":16,
                         "wangid":[2, 1, 1, 1, 2, 2, 2, 2]
                        }, 
                        {
                         "tileid":17,
                         "wangid":[2, 1, 1, 1, 2, 1, 1, 1]
                        }, 
                        {
                         "tileid":18,
                         "wangid":[2, 1, 2, 1, 1, 1, 1, 1]
                        }, 
                        {
                         "tileid":19,
                         "wangid":[2, 1, 1, 1, 1, 1, 2, 1]
                        }, 
                        {
                         "tileid":24,
                         "wangid":[3, 4, 4, 4, 3, 4, 4, 4]
                        }, 
                        {
                         "tileid":25,
                         "wangid":[3, 3, 3, 3, 3, 3, 3, 4]
                        }, 
                        {
                         "tileid":26,
                         "wangid":[2, 2, 2, 2, 2, 1, 1, 1]
                        }, 
                        {
                         "tileid":28,
                         "wangid":[2, 2, 2, 1, 1, 1, 2, 2]
                        }, 
                        {
                         "tileid":29,
                         "wangid":[2, 1, 1, 1, 2, 2, 2, 2]
                        }, 
                        {
                         "tileid":30,
                         "wangid":[2, 1, 1, 1, 1, 1, 1, 1]
                        }, 
                        {
                         "tileid":31,
                         "wangid":[1, 1, 2, 1, 2, 2, 2, 1]
                        }, 
                        {
                         "tileid":32,
                         "wangid":[1, 1, 2, 1, 2, 1, 2, 1]
                        }, 
                        {
                         "tileid":33,
                         "wangid":[1, 1, 2, 2, 2, 1, 2, 1]
                        }, 
                        {
                         "tileid":34,
                         "wangid":[4, 4, 3, 3, 3, 4, 4, 4]
                        }, 
                        {
                         "tileid":35,
                         "wangid":[4, 4, 3, 3, 3, 3, 3, 4]
                        }, 
                        {
                         "tileid":36,
                         "wangid":[4, 4, 4, 4, 3, 3, 3, 4]
                        }, 
                        {
                         "tileid":37,
                         "wangid":[3, 4, 3, 3, 3, 3, 3, 4]
                        }, 
                        {
                         "tileid":38,
                         "wangid":[3, 4, 3, 3, 3, 3, 3, 3]
                        }, 
                        {
                         "tileid":39,
                         "wangid":[2, 2, 2, 1, 1, 1, 1, 1]
                        }, 
                        {
                         "tileid":40,
                         "wangid":[2, 2, 2, 1, 1, 1, 2, 2]
                        }, 
                        {
                         "tileid":41,
                         "wangid":[2, 2, 2, 1, 1, 1, 2, 2]
                        }, 
                        {
                         "tileid":42,
                         "wangid":[2, 1, 1, 1, 1, 1, 2, 2]
                        }, 
                        {
                         "tileid":43,
                         "wangid":[1, 1, 1, 1, 1, 1, 1, 1]
                        }, 
                        {
                         "tileid":44,
                         "wangid":[2, 1, 2, 1, 1, 1, 2, 2]
                        }, 
                        {
                         "tileid":45,
                         "wangid":[2, 1, 2, 1, 1, 1, 2, 1]
                        }, 
                        {
                         "tileid":46,
                         "wangid":[2, 2, 2, 1, 1, 1, 2, 1]
                        }, 
                        {
                         "tileid":50,
                         "wangid":[3, 3, 3, 3, 3, 3, 3, 3]
                        }, 
                        {
                         "tileid":52,
                         "wangid":[1, 1, 2, 1, 1, 1, 1, 1]
                        }, 
                        {
                         "tileid":53,
                         "wangid":[1, 1, 2, 1, 1, 1, 2, 1]
                        }, 
                        {
                         "tileid":54,
                         "wangid":[1, 1, 1, 1, 1, 1, 2, 1]
                        }, 
                        {
                         "tileid":55,
                         "wangid":[2, 1, 2, 1, 2, 1, 2, 1]
                        }, 
                        {
                         "tileid":56,
                         "wangid":[2, 1, 2, 2, 2, 2, 2, 1]
                        }, 
                        {
                         "tileid":57,
                         "wangid":[2, 1, 2, 1, 2, 2, 2, 2]
                        }, 
                        {
                         "tileid":58,
                         "wangid":[2, 2, 2, 1, 2, 1, 1, 1]
                        }, 
                        {
                         "tileid":59,
                         "wangid":[2, 1, 1, 1, 2, 1, 2, 2]
                        }, 
                        {
                         "tileid":60,
                         "wangid":[3, 3, 3, 3, 3, 4, 4, 4]
                        }, 
                        {
                         "tileid":62,
                         "wangid":[3, 3, 3, 3, 3, 3, 3, 3]
                        }, 
                        {
                         "tileid":63,
                         "wangid":[3, 3, 3, 3, 3, 3, 3, 3]
                        }, 
                        {
                         "tileid":64,
                         "wangid":[3, 4, 4, 4, 3, 3, 3, 3]
                        }, 
                        {
                         "tileid":65,
                         "wangid":[2, 2, 2, 2, 2, 2, 2, 1]
                        }, 
                        {
                         "tileid":66,
                         "wangid":[2, 1, 2, 2, 2, 2, 2, 2]
                        }, 
                        {
                         "tileid":67,
                         "wangid":[2, 1, 2, 2, 2, 1, 2, 1]
                        }, 
                        {
                         "tileid":68,
                         "wangid":[2, 1, 2, 1, 2, 2, 2, 1]
                        }, 
                        {
                         "tileid":69,
                         "wangid":[2, 2, 2, 2, 2, 1, 2, 1]
                        }, 
                        {
                         "tileid":70,
                         "wangid":[2, 2, 2, 1, 2, 1, 2, 2]
                        }, 
                        {
                         "tileid":71,
                         "wangid":[2, 1, 2, 1, 2, 1, 1, 1]
                        }, 
                        {
                         "tileid":72,
                         "wangid":[2, 1, 1, 1, 2, 1, 2, 1]
                        }, 
                        {
                         "tileid":73,
                         "wangid":[3, 3, 3, 3, 3, 4, 4, 4]
                        }, 
                        {
                         "tileid":75,
                         "wangid":[3, 3, 3, 3, 3, 3, 3, 3]
                        }, 
                        {
                         "tileid":76,
                         "wangid":[3, 3, 3, 3, 3, 3, 3, 3]
                        }, 
                        {
                         "tileid":77,
                         "wangid":[3, 4, 4, 4, 3, 3, 3, 3]
                        }, 
                        {
                         "tileid":78,
                         "wangid":[2, 2, 2, 2, 2, 1, 2, 2]
                        }, 
                        {
                         "tileid":79,
                         "wangid":[2, 2, 2, 1, 2, 2, 2, 2]
                        }, 
                        {
                         "tileid":80,
                         "wangid":[2, 2, 2, 1, 2, 1, 2, 1]
                        }, 
                        {
                         "tileid":81,
                         "wangid":[2, 1, 2, 1, 2, 1, 2, 2]
                        }, 
                        {
                         "tileid":82,
                         "wangid":[2, 1, 2, 2, 2, 1, 2, 2]
                        }, 
                        {
                         "tileid":83,
                         "wangid":[2, 2, 2, 1, 2, 2, 2, 1]
                        }, 
                        {
                         "tileid":84,
                         "wangid":[2, 1, 2, 2, 2, 1, 1, 1]
                        }, 
                        {
                         "tileid":85,
                         "wangid":[2, 1, 1, 1, 2, 2, 2, 1]
                        }, 
                        {
                         "tileid":90,
                         "wangid":[0, 4, 4, 4, 0, 0, 0, 0]
                        }]
                }]
        }],
 "tilewidth":16,
 "type":"map",
 "version":"1.6",
 "width":100
}