{ "backgroundcolor":"#161616",
 "compressionlevel":-1,
 "height":100,
 "infinite":true,
 "layers":[
        {
         "chunks":[
                {
                 "data":[0, 0, 0, 0, 0, 0, 0, 0, 0, 0, 0, 0, 0, 0, 0, 0, 0, 0, 0, 0, 0, 0, 0, 0, 0, 0, 0, 0, 0, 0, 0, 0, 0, 0, 0, 0, 0, 0, 0, 0, 0, 0, 0, 0, 0, 0, 0, 0, 0, 0, 0, 0, 0, 0, 0, 0, 0, 0, 0, 0, 0, 0, 0, 0, 0, 0, 0, 0, 0, 0, 0, 0, 0, 0, 0, 0, 0, 0, 0, 0, 0, 0, 0, 0, 0, 0, 0, 0, 0, 0, 0, 0, 0, 0, 0, 0, 0, 0, 0, 0, 0, 0, 0, 0, 0, 0, 0, 0, 0, 0, 0, 0, 0, 0, 0, 0, 0, 0, 0, 0, 0, 0, 0, 0, 0, 0, 0, 0, 0, 0, 0, 0, 0, 0, 0, 0, 0, 0, 0, 0, 0, 0, 0, 0, 0, 0, 0, 0, 0, 0, 0, 0, 0, 0, 0, 0, 0, 0, 0, 0, 0, 0, 0, 0, 0, 0, 0, 0, 0, 0, 0, 0, 0, 0, 0, 0, 0, 0, 0, 0, 0, 0, 0, 0, 0, 0, 0, 0, 0, 0, 0, 0, 0, 0, 0, 0, 0, 0, 0, 0, 0, 0, 0, 0, 0, 0, 0, 0, 0, 0, 0, 0, 0, 0, 0, 0, 0, 0, 0, 0, 0, 0, 0, 0, 0, 0, 0, 0, 0, 0, 0, 0, 0, 0, 0, 0, 0, 0, 0, 0, 0, 0, 0, 0, 0, 0, 0, 0, 0, 0, 0, 92, 92, 92, 92, 92],
                 "height":16,
                 "width":16,
                 "x":16,
                 "y":-16
                }, 
                {
                 "data":[0, 0, 0, 0, 0, 0, 0, 0, 0, 0, 0, 0, 0, 0, 0, 0, 0, 0, 0, 0, 0, 0, 0, 0, 0, 0, 0, 0, 0, 0, 0, 0, 0, 0, 0, 0, 0, 0, 0, 0, 0, 0, 0, 0, 0, 0, 0, 0, 0, 0, 0, 0, 0, 0, 0, 0, 0, 0, 0, 0, 0, 0, 0, 0, 0, 0, 0, 0, 0, 0, 0, 0, 0, 0, 0, 0, 0, 0, 0, 0, 0, 0, 0, 0, 0, 0, 0, 0, 0, 0, 0, 0, 0, 0, 0, 0, 0, 0, 0, 0, 0, 0, 0, 0, 0, 0, 0, 0, 0, 0, 0, 0, 0, 0, 0, 0, 0, 0, 0, 0, 0, 0, 0, 0, 0, 0, 0, 0, 0, 0, 0, 0, 0, 0, 0, 0, 0, 0, 0, 0, 0, 0, 0, 0, 0, 0, 0, 0, 0, 0, 0, 0, 0, 0, 0, 0, 0, 0, 0, 0, 0, 0, 0, 0, 0, 0, 0, 0, 0, 0, 0, 0, 0, 0, 0, 0, 0, 0, 0, 0, 0, 0, 0, 0, 0, 0, 0, 0, 0, 0, 0, 0, 0, 0, 0, 0, 0, 0, 0, 0, 0, 0, 0, 0, 0, 0, 0, 0, 0, 0, 0, 0, 0, 0, 0, 0, 0, 0, 0, 0, 0, 0, 0, 0, 0, 92, 92, 92, 92, 92, 92, 92, 92, 92, 92, 92, 92, 92, 92, 0, 92, 92, 92, 92, 92, 92, 92, 92, 92, 92, 92, 92, 105, 105, 92, 0],
                 "height":16,
                 "width":16,
                 "x":32,
                 "y":-16
                }, 
                {
                 "data":[0, 0, 0, 0, 0, 0, 0, 0, 0, 0, 0, 0, 0, 0, 0, 0, 0, 0, 0, 0, 0, 0, 0, 0, 0, 0, 92, 92, 92, 92, 92, 92, 0, 0, 0, 0, 0, 0, 0, 0, 0, 0, 92, 92, 92, 92, 105, 105, 0, 0, 0, 0, 0, 0, 0, 109, 105, 92, 92, 92, 92, 92, 92, 105, 0, 0, 0, 0, 0, 0, 0, 92, 105, 92, 92, 105, 92, 105, 105, 92, 0, 0, 0, 0, 0, 0, 0, 92, 92, 105, 105, 92, 92, 92, 92, 92, 0, 0, 0, 0, 0, 0, 0, 92, 92, 105, 105, 92, 92, 92, 92, 105, 0, 0, 0, 0, 0, 0, 0, 92, 92, 92, 105, 105, 92, 92, 105, 92, 0, 0, 0, 0, 0, 0, 0, 92, 92, 92, 92, 105, 92, 92, 105, 92, 0, 0, 0, 0, 0, 0, 0, 92, 92, 92, 105, 105, 92, 92, 92, 92, 0, 0, 0, 0, 0, 0, 0, 92, 92, 92, 105, 105, 92, 92, 92, 92, 0, 0, 0, 0, 0, 0, 0, 92, 92, 92, 92, 92, 92, 92, 105, 105, 0, 0, 0, 0, 0, 0, 0, 92, 92, 92, 92, 92, 92, 92, 105, 105, 0, 0, 0, 0, 0, 0, 0, 92, 92, 92, 92, 92, 92, 105, 105, 92, 0, 0, 0, 0, 0, 0, 0, 0, 0, 0, 0, 92, 92, 92, 92, 92, 0, 0, 0, 0, 0, 0, 0, 0, 0, 0, 0, 0, 0, 0, 0, 0],
                 "height":16,
                 "width":16,
                 "x":0,
                 "y":0
                }, 
                {
                 "data":[0, 0, 0, 0, 0, 0, 0, 0, 0, 0, 0, 92, 92, 92, 92, 105, 92, 92, 92, 92, 92, 92, 92, 92, 92, 92, 92, 92, 92, 105, 92, 105, 105, 105, 105, 92, 92, 92, 92, 92, 92, 92, 92, 105, 105, 92, 92, 105, 105, 105, 105, 105, 92, 92, 105, 105, 105, 92, 92, 105, 105, 105, 105, 105, 105, 105, 105, 105, 105, 92, 105, 105, 105, 92, 92, 92, 105, 105, 92, 92, 92, 92, 105, 92, 105, 105, 92, 105, 105, 92, 92, 92, 105, 92, 92, 92, 92, 92, 92, 92, 92, 105, 105, 92, 92, 92, 92, 92, 105, 92, 92, 92, 92, 92, 92, 92, 92, 92, 92, 92, 92, 92, 92, 92, 105, 92, 92, 92, 92, 92, 92, 92, 92, 92, 105, 92, 92, 92, 92, 92, 92, 105, 92, 92, 92, 105, 92, 92, 92, 105, 105, 105, 92, 92, 92, 92, 92, 92, 92, 92, 92, 105, 92, 92, 92, 105, 105, 92, 92, 92, 105, 105, 105, 105, 92, 92, 105, 105, 92, 92, 92, 105, 105, 92, 105, 92, 92, 105, 105, 105, 105, 92, 105, 92, 92, 92, 92, 105, 105, 105, 105, 92, 92, 92, 92, 105, 105, 105, 92, 92, 92, 92, 92, 105, 105, 105, 92, 92, 92, 92, 92, 92, 92, 105, 92, 92, 92, 92, 92, 105, 105, 105, 92, 92, 92, 92, 92, 92, 92, 92, 0, 0, 0, 0, 0, 0, 0, 0, 0, 0, 0, 0, 0, 0, 0, 0],
                 "height":16,
                 "width":16,
                 "x":16,
                 "y":0
                }, 
                {
                 "data":[105, 92, 92, 92, 92, 92, 92, 105, 105, 105, 105, 105, 105, 105, 105, 0, 92, 105, 105, 105, 92, 92, 92, 105, 92, 92, 92, 105, 105, 92, 105, 0, 92, 92, 92, 105, 92, 92, 105, 92, 92, 92, 92, 105, 92, 105, 105, 0, 92, 92, 92, 105, 105, 105, 105, 92, 92, 92, 105, 105, 105, 105, 92, 0, 105, 105, 92, 105, 105, 92, 92, 92, 92, 92, 92, 92, 92, 92, 92, 0, 105, 105, 105, 105, 92, 92, 92, 92, 92, 92, 92, 92, 92, 92, 92, 0, 92, 105, 92, 92, 92, 92, 92, 92, 92, 92, 92, 92, 92, 92, 92, 0, 92, 105, 105, 92, 92, 0, 0, 0, 0, 0, 0, 0, 0, 0, 0, 0, 92, 92, 105, 92, 92, 0, 0, 0, 0, 0, 0, 0, 0, 0, 0, 0, 92, 92, 105, 92, 92, 0, 0, 0, 0, 0, 0, 0, 0, 0, 0, 0, 92, 105, 92, 92, 92, 0, 0, 0, 0, 0, 0, 0, 0, 0, 0, 0, 92, 105, 92, 92, 92, 0, 0, 0, 0, 0, 0, 0, 0, 0, 0, 0, 92, 105, 105, 105, 92, 0, 0, 0, 0, 0, 0, 0, 0, 0, 0, 0, 92, 92, 92, 92, 92, 0, 0, 0, 0, 0, 0, 0, 0, 0, 0, 0, 92, 92, 92, 92, 92, 0, 0, 0, 0, 0, 0, 0, 0, 0, 0, 0, 0, 0, 0, 0, 0, 0, 0, 0, 0, 0, 0, 0, 0, 0, 0, 0],
                 "height":16,
                 "width":16,
                 "x":32,
                 "y":0
                }],
         "height":32,
         "id":1,
         "name":"Background",
         "opacity":0.5,
         "startx":0,
         "starty":-16,
         "type":"tilelayer",
         "visible":true,
         "width":48,
         "x":0,
         "y":0
        }, 
        {
         "chunks":[],
         "height":0,
         "id":3,
         "name":"Background Details",
         "opacity":1,
         "startx":0,
         "starty":0,
         "type":"tilelayer",
         "visible":true,
         "width":0,
         "x":0,
         "y":0
        }, 
        {
         "chunks":[
                {
                 "data":[0, 0, 0, 0, 0, 0, 0, 0, 0, 0, 0, 0, 0, 0, 0, 0, 0, 0, 0, 0, 0, 0, 0, 0, 0, 0, 0, 0, 0, 0, 0, 0, 0, 0, 0, 0, 0, 0, 0, 0, 0, 0, 0, 0, 0, 0, 0, 0, 0, 0, 0, 0, 0, 0, 0, 0, 0, 0, 0, 0, 0, 0, 0, 0, 0, 0, 0, 0, 0, 0, 0, 0, 0, 0, 0, 0, 0, 0, 0, 0, 0, 0, 0, 0, 0, 0, 0, 0, 0, 0, 0, 0, 0, 0, 0, 0, 0, 0, 0, 0, 0, 0, 0, 0, 0, 0, 0, 0, 0, 0, 0, 0, 0, 0, 0, 0, 0, 0, 0, 0, 0, 0, 0, 0, 0, 0, 0, 0, 0, 0, 0, 0, 0, 0, 0, 0, 0, 0, 0, 0, 0, 0, 0, 0, 0, 0, 0, 0, 0, 0, 0, 0, 0, 0, 0, 0, 0, 0, 0, 0, 0, 0, 0, 0, 0, 0, 0, 0, 0, 0, 0, 0, 0, 0, 0, 0, 0, 0, 0, 0, 0, 0, 0, 0, 0, 0, 0, 0, 0, 0, 0, 0, 0, 0, 0, 0, 0, 0, 0, 0, 0, 0, 0, 0, 0, 0, 0, 0, 0, 0, 0, 0, 0, 0, 0, 0, 0, 0, 0, 0, 0, 0, 0, 0, 0, 0, 0, 0, 0, 0, 0, 0, 0, 0, 109, 70, 70, 70, 70, 70, 0, 0, 0, 0, 0, 0, 0, 0, 0, 0, 59, 0, 0, 0, 0, 0],
                 "height":16,
                 "width":16,
                 "x":16,
                 "y":-16
                }, 
                {
                 "data":[0, 0, 0, 0, 0, 0, 0, 0, 0, 0, 0, 0, 0, 0, 0, 0, 0, 0, 0, 0, 0, 0, 0, 0, 0, 0, 0, 0, 0, 0, 0, 0, 0, 0, 0, 0, 0, 0, 0, 0, 0, 0, 0, 0, 0, 0, 0, 0, 0, 0, 0, 0, 0, 0, 0, 0, 0, 0, 0, 0, 0, 0, 0, 0, 0, 0, 0, 0, 0, 0, 0, 0, 0, 0, 0, 0, 0, 0, 0, 0, 0, 0, 0, 0, 0, 0, 0, 0, 0, 0, 0, 0, 0, 0, 0, 0, 0, 0, 0, 0, 0, 0, 0, 0, 0, 0, 0, 0, 0, 0, 0, 0, 0, 0, 0, 0, 0, 0, 0, 0, 0, 0, 0, 0, 0, 0, 0, 0, 0, 0, 0, 0, 0, 0, 0, 0, 0, 0, 0, 0, 0, 0, 0, 0, 0, 0, 0, 0, 0, 0, 0, 0, 0, 0, 0, 0, 0, 0, 0, 0, 0, 0, 0, 0, 0, 0, 0, 0, 0, 0, 0, 0, 0, 0, 0, 0, 0, 0, 0, 0, 0, 0, 0, 0, 0, 0, 0, 0, 0, 0, 0, 0, 0, 0, 0, 0, 0, 0, 0, 0, 0, 0, 0, 0, 0, 0, 0, 0, 109, 70, 70, 70, 70, 70, 70, 70, 70, 70, 70, 70, 70, 70, 70, 108, 72, 0, 0, 90, 92, 94, 0, 0, 0, 0, 0, 0, 0, 0, 26, 43, 0, 0, 0, 90, 92, 94, 0, 0, 0, 28, 0, 0, 0, 0, 26, 43],
                 "height":16,
                 "width":16,
                 "x":32,
                 "y":-16
                }, 
                {
                 "data":[0, 0, 0, 0, 0, 0, 0, 0, 0, 0, 109, 70, 70, 70, 70, 70, 0, 0, 0, 0, 0, 0, 0, 0, 0, 0, 46, 0, 0, 0, 0, 0, 0, 0, 0, 0, 0, 0, 0, 0, 0, 0, 46, 0, 0, 0, 0, 0, 0, 0, 0, 0, 0, 0, 0, 109, 70, 70, 72, 0, 0, 0, 0, 0, 0, 0, 0, 0, 0, 0, 0, 59, 24, 0, 0, 0, 0, 0, 0, 0, 0, 0, 0, 0, 0, 0, 0, 59, 24, 0, 0, 0, 0, 0, 0, 0, 0, 0, 0, 0, 0, 0, 0, 59, 24, 0, 0, 0, 26, 82, 83, 36, 0, 0, 0, 0, 0, 0, 0, 59, 24, 0, 0, 0, 0, 0, 0, 47, 0, 0, 0, 0, 0, 0, 0, 59, 0, 0, 0, 0, 0, 0, 0, 60, 0, 0, 0, 0, 0, 0, 0, 59, 0, 0, 0, 0, 0, 0, 0, 22, 0, 0, 0, 0, 0, 0, 0, 59, 0, 0, 0, 0, 0, 0, 0, 0, 0, 0, 0, 0, 0, 0, 0, 59, 0, 0, 0, 0, 0, 0, 0, 0, 0, 0, 0, 0, 0, 0, 0, 59, 0, 0, 0, 0, 0, 0, 0, 0, 0, 0, 0, 0, 0, 0, 0, 96, 65, 65, 65, 66, 0, 0, 0, 0, 0, 0, 0, 0, 0, 0, 0, 0, 0, 0, 0, 94, 28, 28, 28, 28, 0, 0, 0, 0, 0, 0, 0, 0, 0, 0, 0, 68, 31, 31, 31, 31],
                 "height":16,
                 "width":16,
                 "x":0,
                 "y":0
                }, 
                {
                 "data":[70, 70, 70, 70, 70, 70, 70, 70, 70, 70, 72, 0, 0, 0, 0, 0, 0, 0, 0, 0, 0, 0, 0, 103, 92, 92, 94, 0, 0, 0, 28, 28, 0, 0, 0, 0, 0, 0, 0, 103, 92, 92, 94, 24, 0, 0, 35, 83, 0, 0, 0, 0, 0, 0, 0, 103, 92, 92, 94, 24, 0, 26, 47, 24, 0, 0, 0, 0, 0, 0, 0, 103, 92, 92, 94, 24, 0, 0, 47, 24, 0, 0, 0, 0, 0, 0, 0, 103, 92, 92, 94, 0, 0, 0, 47, 24, 0, 0, 0, 0, 0, 0, 0, 103, 92, 92, 94, 0, 0, 26, 47, 24, 0, 0, 0, 0, 0, 0, 0, 103, 92, 92, 94, 24, 0, 0, 47, 24, 0, 0, 0, 0, 0, 0, 0, 103, 92, 92, 94, 0, 0, 0, 60, 24, 26, 64, 65, 65, 66, 0, 0, 22, 22, 92, 94, 0, 0, 0, 0, 0, 26, 90, 92, 92, 94, 0, 0, 0, 0, 22, 22, 0, 0, 0, 0, 0, 26, 90, 92, 92, 94, 0, 0, 28, 28, 28, 28, 0, 0, 0, 0, 0, 26, 90, 92, 92, 94, 0, 0, 90, 92, 92, 94, 0, 0, 82, 83, 84, 26, 90, 92, 92, 94, 0, 0, 90, 92, 92, 94, 0, 0, 0, 0, 0, 29, 90, 92, 92, 94, 28, 28, 90, 92, 92, 94, 28, 28, 28, 28, 28, 31, 55, 92, 92, 68, 32, 32, 55, 92, 92, 68, 32, 32, 32, 32, 32],
                 "height":16,
                 "width":16,
                 "x":16,
                 "y":0
                }, 
                {
                 "data":[0, 0, 0, 90, 92, 94, 0, 0, 26, 34, 24, 0, 0, 0, 26, 43, 28, 28, 0, 90, 92, 94, 0, 0, 26, 47, 24, 0, 0, 0, 26, 43, 83, 84, 0, 22, 22, 22, 0, 0, 26, 47, 24, 0, 0, 0, 26, 43, 0, 0, 0, 0, 0, 0, 0, 0, 26, 47, 24, 0, 0, 0, 26, 43, 0, 0, 73, 0, 0, 0, 73, 24, 26, 47, 24, 0, 73, 0, 26, 43, 0, 0, 0, 0, 28, 28, 28, 28, 29, 47, 27, 28, 28, 28, 29, 43, 0, 0, 0, 26, 30, 31, 31, 31, 31, 86, 31, 31, 31, 31, 31, 95, 0, 0, 0, 26, 43, 0, 0, 0, 0, 0, 0, 0, 0, 0, 0, 0, 0, 0, 0, 26, 43, 0, 0, 0, 0, 0, 0, 0, 0, 0, 0, 0, 0, 0, 0, 26, 43, 0, 0, 0, 0, 0, 0, 0, 0, 0, 0, 0, 0, 0, 0, 26, 43, 0, 0, 0, 0, 0, 0, 0, 0, 0, 0, 0, 0, 0, 0, 26, 43, 0, 0, 0, 0, 0, 0, 0, 0, 0, 0, 0, 0, 0, 0, 26, 43, 0, 0, 0, 0, 0, 0, 0, 0, 0, 0, 0, 0, 0, 0, 26, 43, 0, 0, 0, 0, 0, 0, 0, 0, 0, 0, 0, 28, 28, 28, 29, 43, 0, 0, 0, 0, 0, 0, 0, 0, 0, 0, 0, 32, 32, 32, 32, 95, 0, 0, 0, 0, 0, 0, 0, 0, 0, 0, 0],
                 "height":16,
                 "width":16,
                 "x":32,
                 "y":0
                }],
         "height":32,
         "id":2,
         "name":"Terrain",
         "opacity":1,
         "startx":0,
         "starty":-16,
         "type":"tilelayer",
         "visible":true,
         "width":48,
         "x":0,
         "y":0
        }, 
        {
         "draworder":"topdown",
         "id":5,
         "name":"Colliders",
         "objects":[
                {
                 "height":64,
                 "id":50,
                 "name":"",
                 "rotation":0,
                 "type":"Trap",
                 "visible":true,
                 "width":3.125,
                 "x":128,
                 "y":64
                }, 
                {
                 "height":13.125,
                 "id":51,
                 "name":"",
                 "rotation":0,
                 "type":"Trap",
                 "visible":true,
                 "width":2.625,
                 "x":205.4375,
                 "y":97.0625
                }, 
                {
                 "height":1.9375,
                 "id":52,
                 "name":"",
                 "rotation":0,
                 "type":"Trap",
                 "visible":true,
                 "width":13.4375,
                 "x":240.75,
                 "y":144.4375
                }, 
                {
                 "height":89.0625,
                 "id":53,
                 "name":"",
                 "rotation":0,
                 "type":"Trap",
                 "visible":true,
                 "width":2.6875,
                 "x":269.375,
                 "y":144.8125
                }, 
                {
                 "height":2.125,
                 "id":54,
                 "name":"",
                 "rotation":0,
                 "type":"Trap",
                 "visible":true,
                 "width":73.1875,
                 "x":194,
                 "y":237.3125
                }, 
                {
                 "height":2.75,
                 "id":55,
                 "name":"",
                 "rotation":0,
                 "type":"Trap",
                 "visible":true,
                 "width":31.90625,
                 "x":336,
                 "y":237.25
                }, 
                {
                 "height":2.52173913043478,
                 "id":56,
                 "name":"",
                 "rotation":0,
                 "type":"Trap",
                 "visible":true,
                 "width":61.6521739130435,
                 "x":369.521739130435,
                 "y":189.347826086957
                }, 
                {
                 "height":2.60869565217391,
                 "id":57,
                 "name":"",
                 "rotation":0,
                 "type":"Trap",
                 "visible":true,
                 "width":29.7826086956522,
                 "x":400.434782608696,
                 "y":160.130434782609
                }, 
                {
                 "height":2.7391304347826,
                 "id":58,
                 "name":"",
                 "rotation":0,
                 "type":"Trap",
                 "visible":true,
                 "width":31.0869565217391,
                 "x":368.04347826087,
                 "y":143.913043478261
                }, 
                {
                 "height":2.81818181818181,
                 "id":59,
                 "name":"",
                 "rotation":0,
                 "type":"Trap",
                 "visible":true,
                 "width":140.363636363636,
                 "x":432,
                 "y":237.181818181818
                }, 
                {
                 "height":138.909090909091,
                 "id":60,
                 "name":"",
                 "rotation":0,
                 "type":"Trap",
                 "visible":true,
                 "width":2.81818181818176,
                 "x":573.181818181818,
                 "y":96
                }, 
                {
                 "height":13.2727272727273,
                 "id":61,
                 "name":"",
                 "rotation":0,
                 "type":"Trap",
                 "visible":true,
                 "width":2.54545454545456,
                 "x":432.181818181818,
                 "y":113.818181818182
                }, 
                {
                 "height":12.8465909090909,
                 "id":62,
                 "name":"",
                 "rotation":0,
                 "type":"Trap",
                 "visible":true,
                 "width":2.63636363636363,
                 "x":477,
                 "y":96.9090909090909
                }, 
                {
                 "height":12.8181818181818,
                 "id":63,
                 "name":"",
                 "rotation":0,
                 "type":"Trap",
                 "visible":true,
                 "width":2.45454545454544,
                 "x":477.272727272727,
                 "y":48.8181818181818
                }, 
                {
                 "height":45.125,
                 "id":64,
                 "name":"",
                 "rotation":0,
                 "type":"Trap",
                 "visible":true,
                 "width":2.5454545454545,
                 "x":432.272727272727,
                 "y":33.6875
                }, 
                {
                 "height":2.3125,
                 "id":67,
                 "name":"",
                 "rotation":0,
                 "type":"Trap",
                 "visible":true,
                 "width":63.3125,
                 "x":480,
                 "y":29.3125
                }, 
                {
                 "height":95.5,
                 "id":68,
                 "name":"",
                 "rotation":0,
                 "type":"Trap",
                 "visible":true,
                 "width":2.5,
                 "x":496.25,
                 "y":48.375
                }, 
                {
                 "height":1.75,
                 "id":69,
                 "name":"",
                 "rotation":0,
                 "type":"Trap",
                 "visible":true,
                 "width":73.875,
                 "x":577.75,
                 "y":93.625
                }, 
                {
                 "height":13.375,
                 "id":70,
                 "name":"",
                 "rotation":0,
                 "type":"Trap",
                 "visible":true,
                 "width":2.625,
                 "x":624.5,
                 "y":65.25
                }, 
                {
                 "height":88.875,
                 "id":71,
                 "name":"",
                 "rotation":0,
                 "type":"Trap",
                 "visible":true,
                 "width":2.5,
                 "x":653.375,
                 "y":1.375
                }, 
                {
                 "height":2,
                 "id":72,
                 "name":"",
                 "rotation":0,
                 "type":"Trap",
                 "visible":true,
                 "width":13.375,
                 "x":657.875,
                 "y":-2.5
                }, 
                {
                 "height":90.5,
                 "id":73,
                 "name":"",
                 "rotation":0,
                 "type":"Trap",
                 "visible":true,
                 "width":2.5,
                 "x":672.5,
                 "y":1
                }, 
                {
                 "height":2.25,
                 "id":74,
                 "name":"",
                 "rotation":0,
                 "type":"Trap",
                 "visible":true,
                 "width":69.875,
                 "x":677.75,
                 "y":93.375
                }, 
                {
                 "height":120.25,
                 "id":75,
                 "name":"",
                 "rotation":0,
                 "type":"Trap",
                 "visible":true,
                 "width":2.75,
                 "x":748.875,
                 "y":-30.625
                }, 
                {
                 "height":2.28458498023716,
                 "id":76,
                 "name":"",
                 "rotation":0,
                 "type":"Trap",
                 "visible":true,
                 "width":44.391304347826,
                 "x":561.110671936759,
                 "y":32.4426877470356
                }, 
                {
                 "height":16,
                 "id":20,
                 "name":"",
                 "rotation":0,
                 "type":"Wall",
                 "visible":true,
                 "width":96,
                 "x":176,
                 "y":240
                }, 
                {
                 "height":32,
                 "id":21,
                 "name":"",
                 "rotation":0,
                 "type":"Wall",
                 "visible":true,
                 "width":16,
                 "x":176,
                 "y":208
                }, 
                {
                 "height":16,
                 "id":22,
                 "name":"",
                 "rotation":0,
                 "type":"Wall",
                 "visible":true,
                 "width":64,
                 "x":112,
                 "y":208
                }, 
                {
                 "height":160,
                 "id":23,
                 "name":"",
                 "rotation":0,
                 "type":"Wall",
                 "visible":true,
                 "width":16,
                 "x":112,
                 "y":48
                }, 
                {
                 "height":16,
                 "id":24,
                 "name":"",
                 "rotation":0,
                 "type":"Wall",
                 "visible":true,
                 "width":48,
                 "x":128,
                 "y":48
                }, 
                {
                 "height":48,
                 "id":25,
                 "name":"",
                 "rotation":0,
                 "type":"Wall",
                 "visible":true,
                 "width":16,
                 "x":160,
                 "y":0
                }, 
                {
                 "height":16,
                 "id":26,
                 "name":"",
                 "rotation":0,
                 "type":"Wall",
                 "visible":true,
                 "width":256,
                 "x":176,
                 "y":0
                }, 
                {
                 "height":32,
                 "id":27,
                 "name":"",
                 "rotation":0,
                 "type":"Wall",
                 "visible":true,
                 "width":16,
                 "x":416,
                 "y":-32
                }, 
                {
                 "height":16,
                 "id":28,
                 "name":"",
                 "rotation":0,
                 "type":"Wall",
                 "visible":true,
                 "width":96,
                 "x":432,
                 "y":-32
                }, 
                {
                 "height":16,
                 "id":29,
                 "name":"",
                 "rotation":0,
                 "type":"Wall",
                 "visible":true,
                 "width":256,
                 "x":512,
                 "y":-48
                }, 
                {
                 "height":144,
                 "id":30,
                 "name":"",
                 "rotation":0,
                 "type":"Wall",
                 "visible":true,
                 "width":16,
                 "x":752,
                 "y":-32
                }, 
                {
                 "height":16,
                 "id":31,
                 "name":"",
                 "rotation":0,
                 "type":"Wall",
                 "visible":true,
                 "width":176,
                 "x":576,
                 "y":96
                }, 
                {
                 "height":144,
                 "id":32,
                 "name":"",
                 "rotation":0,
                 "type":"Wall",
                 "visible":true,
                 "width":16,
                 "x":576,
                 "y":112
                }, 
                {
                 "height":16,
                 "id":35,
                 "name":"",
                 "rotation":0,
                 "type":"Wall",
                 "visible":true,
                 "width":240,
                 "x":336,
                 "y":240
                }, 
                {
                 "height":112,
                 "id":36,
                 "name":"",
                 "rotation":0,
                 "type":"Wall",
                 "visible":true,
                 "width":64,
                 "x":272,
                 "y":144
                }, 
                {
                 "height":48,
                 "id":37,
                 "name":"",
                 "rotation":0,
                 "type":"Wall",
                 "visible":true,
                 "width":64,
                 "x":368,
                 "y":192
                }, 
                {
                 "height":16,
                 "id":38,
                 "name":"",
                 "rotation":0,
                 "type":"Wall",
                 "visible":true,
                 "width":48,
                 "x":464,
                 "y":192
                }, 
                {
                 "height":112,
                 "id":39,
                 "name":"",
                 "rotation":0,
                 "type":"Wall",
                 "visible":true,
                 "width":16,
                 "x":480,
                 "y":32
                }, 
                {
                 "height":16,
                 "id":40,
                 "name":"",
                 "rotation":0,
                 "type":"Wall",
                 "visible":true,
                 "width":48,
                 "x":496,
                 "y":32
                }, 
                {
                 "height":16,
                 "id":41,
                 "name":"",
                 "rotation":0,
                 "type":"Wall",
                 "visible":true,
                 "width":16,
                 "x":544,
                 "y":64
                }, 
                {
                 "height":16,
                 "id":42,
                 "name":"",
                 "rotation":0,
                 "type":"Wall",
                 "visible":true,
                 "width":16,
                 "x":608,
                 "y":64
                }, 
                {
                 "height":64,
                 "id":43,
                 "name":"",
                 "rotation":0,
                 "type":"Wall",
                 "visible":true,
                 "width":48,
                 "x":560,
                 "y":-32
                }, 
                {
                 "height":96,
                 "id":46,
                 "name":"",
                 "rotation":0,
                 "type":"Wall",
                 "visible":true,
                 "width":16,
                 "x":656,
                 "y":0
                }, 
                {
                 "height":48,
                 "id":47,
                 "name":"",
                 "rotation":0,
                 "type":"Wall",
                 "visible":true,
                 "width":16,
                 "x":240,
                 "y":96
                }, 
                {
                 "height":16,
                 "id":48,
                 "name":"",
                 "rotation":0,
                 "type":"Wall",
                 "visible":true,
                 "width":32,
                 "x":208,
                 "y":96
                }, 
                {
                 "height":144,
                 "id":77,
                 "name":"",
                 "rotation":0,
                 "type":"Wall",
                 "visible":true,
                 "width":32,
                 "x":400,
                 "y":16
                }, 
                {
                 "height":128,
                 "id":78,
                 "name":"",
                 "rotation":0,
                 "type":"Wall",
                 "visible":true,
                 "width":32,
                 "x":368,
                 "y":16
                }, 
                {
                 "height":16,
                 "id":86,
                 "name":"",
                 "rotation":0,
                 "type":"Wall",
                 "visible":true,
                 "width":16,
                 "x":704,
                 "y":64
                }],
         "opacity":1,
         "type":"objectgroup",
         "visible":false,
         "x":0,
         "y":0
        }, 
        {
         "draworder":"topdown",
         "id":8,
         "name":"Checkpoints",
         "objects":[
                {
                 "height":16,
                 "id":80,
                 "name":"S",
                 "properties":[
                        {
                         "name":"Start",
                         "type":"bool",
                         "value":false
                        }],
                 "rotation":0,
                 "type":"Checkpoint",
                 "visible":true,
                 "width":64,
                 "x":128,
                 "y":192
                }, 
                {
                 "height":16,
                 "id":82,
                 "name":"1",
                 "properties":[
                        {
                         "name":"Number",
                         "type":"int",
                         "value":1
                        }],
                 "rotation":0,
                 "type":"Checkpoint",
                 "visible":true,
                 "width":64,
                 "x":272,
                 "y":128
                }, 
                {
                 "height":16,
                 "id":83,
                 "name":"2",
                 "properties":[
                        {
                         "name":"Number",
                         "type":"int",
                         "value":2
                        }],
                 "rotation":0,
                 "type":"Checkpoint",
                 "visible":true,
                 "width":48,
                 "x":464,
                 "y":176
                }, 
                {
                 "height":16,
                 "id":84,
                 "name":"3",
                 "properties":[
                        {
                         "name":"Number",
                         "type":"int",
                         "value":3
                        }],
                 "rotation":0,
                 "type":"Checkpoint",
                 "visible":true,
                 "width":16,
                 "x":544,
                 "y":48
                }, 
                {
                 "height":16,
                 "id":85,
                 "name":"E",
                 "properties":[
                        {
                         "name":"End",
                         "type":"bool",
                         "value":true
                        }],
                 "rotation":0,
                 "type":"Checkpoint",
                 "visible":true,
                 "width":16,
                 "x":704,
                 "y":48
                }],
         "opacity":1,
         "type":"objectgroup",
         "visible":false,
         "x":0,
         "y":0
        }],
 "nextlayerid":9,
 "nextobjectid":88,
 "orientation":"orthogonal",
 "renderorder":"right-down",
 "tiledversion":"1.6.0",
 "tileheight":16,
 "tilesets":[
        {
         "columns":10,
         "firstgid":1,
         "grid":
            {
             "height":32,
             "orientation":"orthogonal",
             "width":32
            },
         "image":"..\/Assets\/Tilesets\/Developer_Symbols.png",
         "imageheight":32,
         "imagewidth":160,
         "margin":0,
         "name":"Developer_Symbols",
         "spacing":0,
         "tilecount":20,
         "tileheight":16,
         "tiles":[
                {
                 "id":0,
                 "type":"DevSymbol"
                }, 
                {
                 "id":1,
                 "type":"DevSymbol"
                }, 
                {
                 "id":2,
                 "type":"DevSymbol"
                }, 
                {
                 "id":3,
                 "type":"DevSymbol"
                }, 
                {
                 "id":4,
                 "type":"DevSymbol"
                }],
         "tilewidth":16
        }, 
        {
         "columns":3,
         "firstgid":21,
         "image":"..\/Assets\/Tilesets\/Dungeon_Spikes.png",
         "imageheight":48,
         "imagewidth":48,
         "margin":0,
         "name":"Dungeon_Spikes",
         "spacing":0,
         "tilecount":9,
         "tileheight":16,
         "tiles":[
                {
                 "id":0,
                 "type":"Trap"
                }, 
                {
                 "id":1,
                 "properties":[
                        {
                         "name":"Normal x",
                         "type":"int",
                         "value":0
                        }, 
                        {
                         "name":"Normal y",
                         "type":"int",
                         "value":1
                        }],
                 "type":"Trap"
                }, 
                {
                 "id":2,
                 "properties":[
                        {
                         "name":"Normal x",
                         "type":"int",
                         "value":-1
                        }, 
                        {
                         "name":"Normal y",
                         "type":"int",
                         "value":1
                        }],
                 "type":"Trap"
                }, 
                {
                 "id":3,
                 "properties":[
                        {
                         "name":"Normal x",
                         "type":"int",
                         "value":1
                        }, 
                        {
                         "name":"Normal y",
                         "type":"int",
                         "value":0
                        }],
                 "type":"Trap"
                }, 
                {
                 "id":4,
                 "properties":[
                        {
                         "name":"Normal x",
                         "type":"int",
                         "value":0
                        }, 
                        {
                         "name":"Normal y",
                         "type":"int",
                         "value":0
                        }],
                 "type":"Trap"
                }, 
                {
                 "id":5,
                 "properties":[
                        {
                         "name":"Normal x",
                         "type":"int",
                         "value":-1
                        }, 
                        {
                         "name":"Normal y",
                         "type":"int",
                         "value":0
                        }],
                 "type":"Trap"
                }, 
                {
                 "id":6,
                 "properties":[
                        {
                         "name":"Normal x",
                         "type":"int",
                         "value":1
                        }, 
                        {
                         "name":"Normal y",
                         "type":"int",
                         "value":-1
                        }],
                 "type":"Trap"
                }, 
                {
                 "id":7,
                 "properties":[
                        {
                         "name":"Normal x",
                         "type":"int",
                         "value":0
                        }, 
                        {
                         "name":"Normal y",
                         "type":"int",
                         "value":-1
                        }],
                 "type":"Trap"
                }, 
                {
                 "id":8,
                 "properties":[
                        {
                         "name":"Normal x",
                         "type":"int",
                         "value":-1
                        }, 
                        {
                         "name":"Normal y",
                         "type":"int",
                         "value":-1
                        }],
                 "type":"Trap"
                }],
         "tilewidth":16
        }, 
        {
         "columns":13,
         "firstgid":30,
         "grid":
            {
             "height":32,
             "orientation":"orthogonal",
             "width":32
            },
         "image":"..\/Assets\/Tilesets\/Dungeon_Terrain.png",
         "imageheight":112,
         "imagewidth":208,
         "margin":0,
         "name":"Dungeon_Terrain",
         "spacing":0,
         "tilecount":91,
         "tileheight":16,
         "tilewidth":16
        }],
 "tilewidth":16,
 "type":"map",
 "version":"1.6",
 "width":100
}