{
    "name": "Player\\\\Jump",
    "initial": {
        "lifetime": {
            "min": 500,
            "max": 1000,
            "random": true
        },
        "position": {
            "min": {
                "x": 0.0,
                "y": 0.0
            },
            "max": {
                "x": 0.0,
                "y": 0.0
            },
            "random": false
        },
        "direction": {
            "min": {
                "x": 1.0,
                "y": 0.0
            },
            "max": {
                "x": -1.0,
                "y": 0.0
            },
            "random": true
        },
        "velocity": {
            "min": 100.0,
            "max": 0.0,
            "random": true
        },
        "acceleration": {
            "min": {
                "x": 0.0,
                "y": 0.0
            },
            "max": {
                "x": 0.0,
                "y": -50.0
            },
            "random": true
        },
        "size": {
            "min": 5.0,
            "max": 7.5,
            "random": true
        },
        "number": {
            "min": 15,
            "max": 30,
            "random": true
        },
        "color": {
            "min": {
                "red": 0.95,
                "green": 0.7,
                "blue": 0.51,
                "alpha": 0.38
            },
            "max": {
                "red": 0.91,
                "green": 0.71,
                "blue": 0.34,
                "alpha": 0.36
            },
            "random": true
        }
    },
    "fade": {
        "velocity": {
            "start": {
                "min": 1.0,
                "max": 0.0,
                "random": false
            },
            "end": {
                "min": 0.0,
                "max": 0.0,
                "random": false
            },
            "x": true,
            "y": false
        },
        "acceleration": {
            "start": {
                "min": 0.0,
                "max": 0.0,
                "random": false
            },
            "end": {
                "min": 0.0,
                "max": 0.0,
                "random": false
            },
            "x": false,
            "y": false
        },
        "size": {
            "start": {
                "min": 1.0,
                "max": 0.0,
                "random": false
            },
            "end": {
                "min": 0.5,
                "max": 0.0,
                "random": false
            },
            "active": true
        },
        "color": {
            "target": {
                "min": {
                    "red": 0.88,
                    "green": 0.88,
                    "blue": 0.88,
                    "alpha": 0.0
                },
                "max": {
                    "red": 0.0,
                    "green": 0.0,
                    "blue": 0.0,
                    "alpha": 1.0
                },
                "random": false
            },
            "r": true,
            "g": true,
            "b": true,
            "a": true
        }
    },
    "emitters": [{
            "lifetime": {
                "min": 1.0,
                "max": 0.0,
                "random": false
            },
            "velocity": {
                "min": 1.0,
                "max": 0.0,
                "random": false
            },
            "acceleration": {
                "min": 1.0,
                "max": 0.0,
                "random": false
            },
            "size": {
                "min": 1.0,
                "max": 0.0,
                "random": false
            },
            "alpha": {
                "min": 1.0,
                "max": 0.0,
                "random": false
            },
            "number": {
                "min": 1.0,
                "max": 5.0,
                "random": true
            },
            "position": {
                "min": {
                    "x": 3.0,
                    "y": -2.0
                },
                "max": {
                    "x": -3.0,
                    "y": 0.0
                },
                "random": true
            },
            "starttime": {
                "min": 0.0,
                "max": 0.0,
                "random": false
            },
            "spawnrate": {
                "start": {
                    "min": 20.0,
                    "max": 40.0,
                    "random": true
                },
                "end": {
                    "min": 0.0,
                    "max": 0.0,
                    "random": false
                },
                "fade": false
            },
            "patterns": []
        }]
}