{ "compressionlevel":-1,
 "height":100,
 "infinite":true,
 "layers":[
        {
         "draworder":"topdown",
         "id":5,
         "name":"Checkpoints",
         "objects":[],
         "opacity":1,
         "type":"objectgroup",
         "visible":true,
         "x":0,
         "y":0
        }, 
        {
         "chunks":[],
         "height":0,
         "id":1,
         "name":"Terrain",
         "opacity":1,
         "startx":0,
         "starty":0,
         "type":"tilelayer",
         "visible":true,
         "width":0,
         "x":0,
         "y":0
        }, 
        {
         "chunks":[],
         "height":0,
         "id":2,
         "name":"Background",
         "opacity":1,
         "startx":0,
         "starty":0,
         "type":"tilelayer",
         "visible":true,
         "width":0,
         "x":0,
         "y":0
        }, 
        {
         "chunks":[],
         "height":0,
         "id":3,
         "name":"Background Detail",
         "opacity":1,
         "startx":0,
         "starty":0,
         "type":"tilelayer",
         "visible":true,
         "width":0,
         "x":0,
         "y":0
        }],
 "nextlayerid":6,
 "nextobjectid":5,
 "orientation":"orthogonal",
 "renderorder":"right-down",
 "tiledversion":"1.6.0",
 "tileheight":16,
 "tilesets":[
        {
         "columns":10,
         "firstgid":1,
         "grid":
            {
             "height":32,
             "orientation":"orthogonal",
             "width":32
            },
         "image":"..\/Assets\/Tilesets\/Developer_Symbols.png",
         "imageheight":32,
         "imagewidth":160,
         "margin":0,
         "name":"Developer_Symbols",
         "spacing":0,
         "tilecount":20,
         "tileheight":16,
         "tiles":[
                {
                 "id":0,
                 "type":"DevSymbol"
                }, 
                {
                 "id":1,
                 "type":"DevSymbol"
                }, 
                {
                 "id":2,
                 "type":"DevSymbol"
                }, 
                {
                 "id":3,
                 "type":"DevSymbol"
                }, 
                {
                 "id":4,
                 "type":"DevSymbol"
                }],
         "tilewidth":16
        }, 
        {
         "columns":3,
         "firstgid":21,
         "image":"..\/Assets\/Tilesets\/Dungeon_Spikes.png",
         "imageheight":48,
         "imagewidth":48,
         "margin":0,
         "name":"Dungeon_Spikes",
         "spacing":0,
         "tilecount":9,
         "tileheight":16,
         "tiles":[
                {
                 "id":0,
                 "properties":[
                        {
                         "name":"Normal x",
                         "type":"int",
                         "value":1
                        }, 
                        {
                         "name":"Normal y",
                         "type":"int",
                         "value":1
                        }],
                 "type":"Trap"
                }, 
                {
                 "id":1,
                 "properties":[
                        {
                         "name":"Normal x",
                         "type":"int",
                         "value":0
                        }, 
                        {
                         "name":"Normal y",
                         "type":"int",
                         "value":1
                        }],
                 "type":"Trap"
                }, 
                {
                 "id":2,
                 "properties":[
                        {
                         "name":"Normal x",
                         "type":"int",
                         "value":-1
                        }, 
                        {
                         "name":"Normal y",
                         "type":"int",
                         "value":1
                        }],
                 "type":"Trap"
                }, 
                {
                 "id":3,
                 "properties":[
                        {
                         "name":"Normal x",
                         "type":"int",
                         "value":1
                        }, 
                        {
                         "name":"Normal y",
                         "type":"int",
                         "value":0
                        }],
                 "type":"Trap"
                }, 
                {
                 "id":4,
                 "properties":[
                        {
                         "name":"Normal x",
                         "type":"int",
                         "value":0
                        }, 
                        {
                         "name":"Normal y",
                         "type":"int",
                         "value":0
                        }],
                 "type":"Trap"
                }, 
                {
                 "id":5,
                 "properties":[
                        {
                         "name":"Normal x",
                         "type":"int",
                         "value":-1
                        }, 
                        {
                         "name":"Normal y",
                         "type":"int",
                         "value":0
                        }],
                 "type":"Trap"
                }, 
                {
                 "id":6,
                 "properties":[
                        {
                         "name":"Normal x",
                         "type":"int",
                         "value":1
                        }, 
                        {
                         "name":"Normal y",
                         "type":"int",
                         "value":-1
                        }],
                 "type":"Trap"
                }, 
                {
                 "id":7,
                 "properties":[
                        {
                         "name":"Normal x",
                         "type":"int",
                         "value":0
                        }, 
                        {
                         "name":"Normal y",
                         "type":"int",
                         "value":-1
                        }],
                 "type":"Trap"
                }, 
                {
                 "id":8,
                 "properties":[
                        {
                         "name":"Normal x",
                         "type":"int",
                         "value":-1
                        }, 
                        {
                         "name":"Normal y",
                         "type":"int",
                         "value":-1
                        }],
                 "type":"Trap"
                }],
         "tilewidth":16
        }, 
        {
         "columns":13,
         "firstgid":30,
         "grid":
            {
             "height":32,
             "orientation":"orthogonal",
             "width":32
            },
         "image":"..\/Assets\/Tilesets\/Dungeon_Terrain.png",
         "imageheight":112,
         "imagewidth":208,
         "margin":0,
         "name":"Dungeon_Terrain",
         "spacing":0,
         "tilecount":91,
         "tileheight":16,
         "tiles":[
                {
                 "id":0,
                 "type":"Wall"
                }, 
                {
                 "id":1,
                 "type":"Wall"
                }, 
                {
                 "id":2,
                 "type":"Wall"
                }, 
                {
                 "id":3,
                 "type":"Wall"
                }, 
                {
                 "id":4,
                 "type":"Wall"
                }, 
                {
                 "id":5,
                 "type":"Wall"
                }, 
                {
                 "id":6,
                 "type":"Wall"
                }, 
                {
                 "id":7,
                 "type":"Wall"
                }, 
                {
                 "id":8,
                 "type":"Wall"
                }, 
                {
                 "id":9,
                 "type":"Wall"
                }, 
                {
                 "id":10,
                 "type":"Wall"
                }, 
                {
                 "id":11,
                 "type":"Wall"
                }, 
                {
                 "id":12,
                 "type":"Wall"
                }, 
                {
                 "id":13,
                 "type":"Wall"
                }, 
                {
                 "id":14,
                 "type":"Wall"
                }, 
                {
                 "id":15,
                 "type":"Wall"
                }, 
                {
                 "id":16,
                 "type":"Wall"
                }, 
                {
                 "id":17,
                 "type":"Wall"
                }, 
                {
                 "id":18,
                 "type":"Wall"
                }, 
                {
                 "id":19,
                 "type":"Wall"
                }, 
                {
                 "id":20,
                 "type":"Wall"
                }, 
                {
                 "id":21,
                 "type":"Wall"
                }, 
                {
                 "id":22,
                 "type":"Wall"
                }, 
                {
                 "id":23,
                 "type":"Wall"
                }, 
                {
                 "id":24,
                 "type":"Wall"
                }, 
                {
                 "id":25,
                 "type":"Wall"
                }, 
                {
                 "id":26,
                 "type":"Wall"
                }, 
                {
                 "id":27,
                 "type":"Wall"
                }, 
                {
                 "id":28,
                 "type":"Wall"
                }, 
                {
                 "id":29,
                 "type":"Wall"
                }, 
                {
                 "id":30,
                 "type":"Wall"
                }, 
                {
                 "id":31,
                 "type":"Wall"
                }, 
                {
                 "id":32,
                 "type":"Wall"
                }, 
                {
                 "id":33,
                 "type":"Wall"
                }, 
                {
                 "id":34,
                 "type":"Wall"
                }, 
                {
                 "id":35,
                 "type":"Wall"
                }, 
                {
                 "id":36,
                 "type":"Wall"
                }, 
                {
                 "id":37,
                 "type":"Wall"
                }, 
                {
                 "id":38,
                 "type":"Wall"
                }, 
                {
                 "id":39,
                 "type":"Wall"
                }, 
                {
                 "id":40,
                 "type":"Wall"
                }, 
                {
                 "id":41,
                 "type":"Wall"
                }, 
                {
                 "id":42,
                 "type":"Wall"
                }, 
                {
                 "id":43,
                 "type":"Wall"
                }, 
                {
                 "id":44,
                 "type":"Wall"
                }, 
                {
                 "id":45,
                 "type":"Wall"
                }, 
                {
                 "id":46,
                 "type":"Wall"
                }, 
                {
                 "id":47,
                 "type":"Wall"
                }, 
                {
                 "id":48,
                 "type":"Wall"
                }, 
                {
                 "id":49,
                 "type":"Wall"
                }, 
                {
                 "id":50,
                 "type":"Wall"
                }, 
                {
                 "id":51,
                 "type":"Wall"
                }, 
                {
                 "id":52,
                 "type":"Wall"
                }, 
                {
                 "id":53,
                 "type":"Wall"
                }, 
                {
                 "id":54,
                 "type":"Wall"
                }, 
                {
                 "id":55,
                 "type":"Wall"
                }, 
                {
                 "id":56,
                 "type":"Wall"
                }, 
                {
                 "id":57,
                 "type":"Wall"
                }, 
                {
                 "id":58,
                 "type":"Wall"
                }, 
                {
                 "id":59,
                 "type":"Wall"
                }, 
                {
                 "id":60,
                 "type":"Wall"
                }, 
                {
                 "id":61,
                 "type":"Wall"
                }, 
                {
                 "id":62,
                 "type":"Wall"
                }, 
                {
                 "id":63,
                 "type":"Wall"
                }, 
                {
                 "id":64,
                 "type":"Wall"
                }, 
                {
                 "id":65,
                 "type":"Wall"
                }, 
                {
                 "id":66,
                 "type":"Wall"
                }, 
                {
                 "id":67,
                 "type":"Wall"
                }, 
                {
                 "id":68,
                 "type":"Wall"
                }, 
                {
                 "id":69,
                 "type":"Wall"
                }, 
                {
                 "id":70,
                 "type":"Wall"
                }, 
                {
                 "id":71,
                 "type":"Wall"
                }, 
                {
                 "id":72,
                 "type":"Wall"
                }, 
                {
                 "id":73,
                 "type":"Wall"
                }, 
                {
                 "id":74,
                 "type":"Wall"
                }, 
                {
                 "id":75,
                 "type":"Wall"
                }, 
                {
                 "id":76,
                 "type":"Wall"
                }, 
                {
                 "id":77,
                 "type":"Wall"
                }, 
                {
                 "id":78,
                 "type":"Wall"
                }, 
                {
                 "id":79,
                 "type":"Wall"
                }, 
                {
                 "id":80,
                 "type":"Wall"
                }, 
                {
                 "id":81,
                 "type":"Wall"
                }, 
                {
                 "id":82,
                 "type":"Wall"
                }, 
                {
                 "id":83,
                 "type":"Wall"
                }, 
                {
                 "id":84,
                 "type":"Wall"
                }, 
                {
                 "id":85,
                 "type":"Wall"
                }, 
                {
                 "id":86,
                 "type":"Wall"
                }, 
                {
                 "id":87,
                 "type":"Wall"
                }, 
                {
                 "id":88,
                 "type":"Wall"
                }, 
                {
                 "id":89,
                 "type":"Wall"
                }, 
                {
                 "id":90,
                 "type":"Wall"
                }],
         "tilewidth":16
        }],
 "tilewidth":16,
 "type":"map",
 "version":"1.6",
 "width":100
}