{ "compressionlevel":-1,
 "height":100,
 "infinite":true,
 "layers":[
        {
         "chunks":[
                {
                 "data":[0, 0, 0, 0, 0, 0, 0, 0, 0, 0, 0, 0, 0, 0, 0, 0, 0, 51, 52, 52, 52, 53, 52, 52, 52, 52, 53, 52, 52, 52, 54, 0, 0, 79, 80, 80, 80, 81, 80, 80, 80, 80, 81, 80, 80, 80, 96, 0, 0, 79, 80, 80, 80, 81, 80, 80, 80, 80, 81, 80, 80, 80, 96, 0, 0, 79, 80, 80, 80, 81, 80, 80, 80, 80, 81, 80, 80, 80, 96, 0, 0, 79, 80, 80, 80, 81, 80, 80, 80, 80, 81, 80, 80, 80, 96, 0, 0, 79, 80, 80, 80, 81, 80, 80, 80, 80, 81, 80, 80, 80, 96, 0, 0, 79, 80, 80, 80, 81, 80, 80, 80, 80, 81, 80, 80, 80, 96, 0, 0, 79, 80, 80, 80, 81, 80, 80, 80, 80, 81, 80, 80, 80, 96, 0, 0, 79, 80, 80, 80, 81, 80, 80, 80, 80, 81, 80, 80, 80, 96, 0, 0, 79, 80, 80, 80, 81, 80, 80, 80, 80, 81, 80, 80, 80, 96, 0, 0, 79, 80, 80, 80, 81, 80, 80, 80, 80, 81, 80, 80, 80, 96, 0, 0, 79, 80, 80, 80, 81, 80, 80, 80, 80, 81, 80, 80, 80, 96, 0, 0, 79, 80, 80, 80, 81, 80, 80, 80, 80, 81, 80, 80, 80, 96, 0, 0, 93, 94, 94, 94, 95, 94, 94, 94, 94, 95, 94, 94, 94, 96, 0, 0, 0, 0, 0, 0, 0, 0, 0, 0, 0, 0, 0, 0, 0, 0, 0],
                 "height":16,
                 "width":16,
                 "x":0,
                 "y":0
                }],
         "height":32,
         "id":1,
         "name":"Background",
         "opacity":1,
         "startx":-16,
         "starty":0,
         "type":"tilelayer",
         "visible":true,
         "width":48,
         "x":0,
         "y":0
        }, 
        {
         "chunks":[],
         "height":0,
         "id":2,
         "name":"Background Details",
         "opacity":1,
         "startx":0,
         "starty":0,
         "type":"tilelayer",
         "visible":true,
         "width":0,
         "x":0,
         "y":0
        }, 
        {
         "chunks":[
                {
                 "data":[86, 45, 45, 45, 45, 45, 45, 45, 45, 45, 45, 45, 45, 45, 45, 85, 18, 0, 0, 0, 0, 0, 0, 0, 0, 0, 0, 0, 0, 0, 0, 29, 18, 0, 0, 0, 0, 0, 0, 0, 0, 0, 0, 0, 0, 0, 0, 29, 18, 0, 0, 0, 0, 0, 0, 0, 0, 0, 0, 0, 0, 0, 0, 29, 18, 0, 0, 0, 0, 0, 0, 0, 0, 0, 0, 0, 0, 0, 0, 29, 18, 0, 0, 0, 0, 0, 0, 0, 0, 0, 0, 0, 0, 0, 0, 29, 18, 0, 0, 0, 0, 0, 0, 0, 0, 0, 0, 0, 0, 0, 0, 29, 18, 0, 0, 0, 0, 0, 0, 0, 0, 0, 0, 0, 0, 0, 0, 29, 18, 0, 0, 0, 0, 0, 0, 0, 0, 0, 0, 0, 0, 0, 0, 29, 18, 0, 0, 0, 0, 0, 0, 0, 0, 0, 0, 0, 0, 0, 0, 29, 18, 0, 0, 0, 0, 0, 0, 0, 0, 0, 0, 0, 0, 0, 0, 29, 18, 0, 0, 0, 0, 0, 0, 0, 0, 0, 0, 0, 0, 0, 0, 29, 18, 0, 0, 0, 0, 0, 0, 0, 0, 0, 0, 0, 0, 0, 0, 29, 18, 0, 0, 0, 0, 0, 0, 0, 0, 0, 0, 0, 0, 0, 0, 29, 18, 0, 0, 0, 0, 0, 0, 0, 0, 0, 0, 0, 0, 0, 0, 29, 72, 3, 3, 3, 3, 3, 3, 3, 3, 3, 3, 3, 3, 3, 3, 71],
                 "height":16,
                 "width":16,
                 "x":0,
                 "y":0
                }],
         "height":16,
         "id":3,
         "name":"Terrain",
         "opacity":1,
         "startx":0,
         "starty":0,
         "type":"tilelayer",
         "visible":true,
         "width":16,
         "x":0,
         "y":0
        }, 
        {
         "chunks":[],
         "height":0,
         "id":4,
         "name":"Checkpoints",
         "opacity":1,
         "startx":0,
         "starty":0,
         "type":"tilelayer",
         "visible":true,
         "width":0,
         "x":0,
         "y":0
        }],
 "nextlayerid":5,
 "nextobjectid":1,
 "orientation":"orthogonal",
 "renderorder":"right-up",
 "tiledversion":"1.6.0",
 "tileheight":16,
 "tilesets":[
        {
         "columns":14,
         "firstgid":1,
         "image":"..\\Assets\\Tilesets\\Stronghold_Terrain.png",
         "imageheight":112,
         "imagewidth":224,
         "margin":0,
         "name":"Stronghold Terrain",
         "spacing":0,
         "tilecount":98,
         "tileheight":16,
         "tiles":[
                {
                 "id":0,
                 "type":"Wall"
                }, 
                {
                 "id":1,
                 "type":"Wall"
                }, 
                {
                 "id":2,
                 "type":"Wall"
                }, 
                {
                 "id":3,
                 "type":"Wall"
                }, 
                {
                 "id":4,
                 "type":"Wall"
                }, 
                {
                 "id":5,
                 "type":"Wall"
                }, 
                {
                 "id":6,
                 "type":"Wall"
                }, 
                {
                 "id":7,
                 "type":"Wall"
                }, 
                {
                 "id":8,
                 "type":"Wall"
                }, 
                {
                 "id":9,
                 "type":"Wall"
                }, 
                {
                 "id":10,
                 "type":"Wall"
                }, 
                {
                 "id":11,
                 "type":"Wall"
                }, 
                {
                 "id":12,
                 "type":"Wall"
                }, 
                {
                 "id":13,
                 "type":"Wall"
                }, 
                {
                 "id":14,
                 "type":"Wall"
                }, 
                {
                 "id":15,
                 "type":"Wall"
                }, 
                {
                 "id":16,
                 "type":"Wall"
                }, 
                {
                 "id":17,
                 "type":"Wall"
                }, 
                {
                 "id":18,
                 "type":"Wall"
                }, 
                {
                 "id":19,
                 "type":"Wall"
                }, 
                {
                 "id":20,
                 "type":"Wall"
                }, 
                {
                 "id":21,
                 "type":"Wall"
                }, 
                {
                 "id":22,
                 "type":"Wall"
                }, 
                {
                 "id":23,
                 "type":"Wall"
                }, 
                {
                 "id":24,
                 "type":"Wall"
                }, 
                {
                 "id":25,
                 "type":"Wall"
                }, 
                {
                 "id":26,
                 "type":"Wall"
                }, 
                {
                 "id":27,
                 "type":"Wall"
                }, 
                {
                 "id":28,
                 "type":"Wall"
                }, 
                {
                 "id":29,
                 "type":"Wall"
                }, 
                {
                 "id":30,
                 "type":"Wall"
                }, 
                {
                 "id":31,
                 "type":"Wall"
                }, 
                {
                 "id":32,
                 "type":"Wall"
                }, 
                {
                 "id":33,
                 "type":"Wall"
                }, 
                {
                 "id":34,
                 "type":"Wall"
                }, 
                {
                 "id":35,
                 "type":"Wall"
                }, 
                {
                 "id":36,
                 "type":"Wall"
                }, 
                {
                 "id":37,
                 "type":"Wall"
                }, 
                {
                 "id":38,
                 "type":"Wall"
                }, 
                {
                 "id":39,
                 "type":"Wall"
                }, 
                {
                 "id":40,
                 "type":"Wall"
                }, 
                {
                 "id":41,
                 "type":"Wall"
                }, 
                {
                 "id":42,
                 "type":"Wall"
                }, 
                {
                 "id":43,
                 "type":"Wall"
                }, 
                {
                 "id":44,
                 "type":"Wall"
                }, 
                {
                 "id":45,
                 "type":"Wall"
                }, 
                {
                 "id":46,
                 "type":"Wall"
                }, 
                {
                 "id":47,
                 "type":"Wall"
                }, 
                {
                 "id":48,
                 "type":"Wall"
                }, 
                {
                 "id":49,
                 "type":"Wall"
                }, 
                {
                 "id":50,
                 "type":"Wall"
                }, 
                {
                 "id":51,
                 "type":"Wall"
                }, 
                {
                 "id":52,
                 "type":"Wall"
                }, 
                {
                 "id":53,
                 "type":"Wall"
                }, 
                {
                 "id":54,
                 "type":"Wall"
                }, 
                {
                 "id":55,
                 "type":"Wall"
                }, 
                {
                 "id":56,
                 "type":"Wall"
                }, 
                {
                 "id":57,
                 "type":"Wall"
                }, 
                {
                 "id":58,
                 "type":"Wall"
                }, 
                {
                 "id":59,
                 "type":"Wall"
                }, 
                {
                 "id":60,
                 "type":"Wall"
                }, 
                {
                 "id":61,
                 "type":"Wall"
                }, 
                {
                 "id":62,
                 "type":"Wall"
                }, 
                {
                 "id":63,
                 "type":"Wall"
                }, 
                {
                 "id":64,
                 "type":"Wall"
                }, 
                {
                 "id":65,
                 "type":"Wall"
                }, 
                {
                 "id":66,
                 "type":"Wall"
                }, 
                {
                 "id":67,
                 "type":"Wall"
                }, 
                {
                 "id":68,
                 "type":"Wall"
                }, 
                {
                 "id":69,
                 "type":"Wall"
                }, 
                {
                 "id":70,
                 "type":"Wall"
                }, 
                {
                 "id":71,
                 "type":"Wall"
                }, 
                {
                 "id":72,
                 "type":"Wall"
                }, 
                {
                 "id":73,
                 "type":"Wall"
                }, 
                {
                 "id":74,
                 "type":"Wall"
                }, 
                {
                 "id":75,
                 "type":"Wall"
                }, 
                {
                 "id":76,
                 "type":"Wall"
                }, 
                {
                 "id":77,
                 "type":"Wall"
                }, 
                {
                 "id":78,
                 "type":"Wall"
                }, 
                {
                 "id":79,
                 "type":"Wall"
                }, 
                {
                 "id":80,
                 "type":"Wall"
                }, 
                {
                 "id":81,
                 "type":"Wall"
                }, 
                {
                 "id":82,
                 "type":"Wall"
                }, 
                {
                 "id":83,
                 "type":"Wall"
                }, 
                {
                 "id":84,
                 "type":"Wall"
                }, 
                {
                 "id":85,
                 "type":"Wall"
                }, 
                {
                 "id":86,
                 "type":"Wall"
                }, 
                {
                 "id":87,
                 "type":"Wall"
                }, 
                {
                 "id":88,
                 "type":"Wall"
                }, 
                {
                 "id":89,
                 "type":"Wall"
                }, 
                {
                 "id":90,
                 "type":"Wall"
                }, 
                {
                 "id":91,
                 "type":"Wall"
                }, 
                {
                 "id":92,
                 "type":"Wall"
                }, 
                {
                 "id":93,
                 "type":"Wall"
                }, 
                {
                 "id":94,
                 "type":"Wall"
                }, 
                {
                 "id":95,
                 "type":"Wall"
                }, 
                {
                 "id":96,
                 "type":"Wall"
                }, 
                {
                 "id":97,
                 "type":"Wall"
                }],
         "tilewidth":16
        }],
 "tilewidth":16,
 "type":"map",
 "version":"1.6",
 "width":100
}